Data e hora,Dia da Semana,Administracao (A),Aulas (B),Biblioteca (C),CICA (D),Quimica (E),Minas e Metalurgia (F),Civil (G),Civil Norte (H),Electrotecnia (I),Electrotecnia Norte (J),Mecanica (L),Mecanica Norte (M),Cafetaria (O),Auditorio,Bombas de Rega,Bombas,Outros PT1,Outros PT3,Total Outros,Carregador Veiculos Eletricos I,Carregador Veiculos Eletricos II
01/01/2024 01:00:00,Seg,6,113,39,6,6,15,18,2,9,6,0,4,25,3,29,10,39,25,0
01/01/2024 02:00:00,Seg,6,17,6,114,38,6,8,24,28,2,9,6,0,4,0,2,19,8,27,0,0
01/01/2024 03:00:00,Seg,6,31,6,113,39,15,6,15,28,2,9,7,0,4,0,3,19,10,29,0,0
01/01/2024 04:00:00,Seg,7,19,4,113,39,6,6,24,28,2,9,16,0,5,0,2,18,8,26,0,0
01/01/2024 05:00:00,Seg,6,9,16,113,48,15,6,15,25,2,16,5,0,4,0,3,5,10,15,0,0
01/01/2024 06:00:00,Seg,7,38,8,114,39,5,21,15,18,2,9,6,0,4,0,2,19,8,27,0,0
01/01/2024 07:00:00,Seg,6,29,8,114,38,16,6,25,28,1,19,10,10,4,0,3,20,10,30,0,0
01/01/2024 08:00:00,Seg,7,18,22,113,39,6,6,15,25,3,9,23,0,5,50,2,54,8,62,50,0
01/01/2024 09:00:00,Seg,6,34,16,112,48,7,23,24,28,10,9,13,0,4,0,2,17,2,19,0,0
01/01/2024 10:00:00,Seg,5,29,22,115,39,17,6,11,28,1,19,12,0,15,25,3,40,3,43,25,0
01/01/2024 11:00:00,Seg,5,21,10,113,38,6,8,15,25,0,9,17,0,5,0,2,2,2,4,0,0
01/01/2024 12:00:00,Seg,6,18,12,112,39,17,21,2,28,0,19,10,0,4,0,3,15,3,18,0,0
01/01/2024 13:00:00,Seg,5,22,22,115,48,6,6,18,25,0,6,10,10,5,25,2,42,2,44,25,0
01/01/2024 14:00:00,Seg,6,21,10,114,42,6,8,9,28,0,19,20,0,4,0,3,16,3,19,0,0
01/01/2024 15:00:00,Seg,15,39,22,114,38,17,23,9,28,0,9,13,0,5,25,2,26,2,28,25,0
01/01/2024 16:00:00,Seg,5,13,12,114,39,6,8,24,25,10,9,25,40,5,50,3,66,3,69,50,0
01/01/2024 17:00:00,Seg,6,37,20,114,48,7,8,14,18,1,19,16,0,5,0,2,17,2,19,0,0
01/01/2024 18:00:00,Seg,6,39,14,116,39,18,23,25,28,2,9,18,10,14,0,2,3,7,10,0,0
01/01/2024 19:00:00,Seg,6,24,12,113,38,6,6,16,28,2,22,27,0,5,0,3,20,10,30,0,0
01/01/2024 20:00:00,Seg,7,42,22,115,52,17,8,26,28,2,9,19,0,5,50,2,68,8,76,50,0
01/01/2024 21:00:00,Seg,6,41,10,115,38,5,8,14,28,2,16,16,0,4,15,3,21,10,31,0,0
01/01/2024 22:00:00,Seg,7,31,16,116,39,5,21,16,28,2,9,23,10,4,0,2,19,8,27,0,0
01/01/2024 23:00:00,Seg,7,39,4,114,38,16,8,24,25,2,19,10,0,4,0,3,19,10,29,0,0
02/01/2024 00:00:00,Ter,6,33,6,118,49,5,6,15,18,12,9,9,0,14,0,2,19,8,27,0,0
02/01/2024 01:00:00,Ter,7,29,16,117,35,15,23,25,28,2,9,18,0,4,0,2,5,9,14,0,0
02/01/2024 02:00:00,Ter,6,42,6,118,39,7,6,15,28,2,19,6,0,4,25,3,43,9,52,25,0
02/01/2024 03:00:00,Ter,17,12,4,117,48,15,6,25,25,2,9,17,10,4,0,2,20,9,29,0,0
02/01/2024 04:00:00,Ter,7,38,16,117,39,7,21,15,18,2,16,5,40,4,0,3,4,9,13,0,0
02/01/2024 05:00:00,Ter,7,20,6,119,38,5,8,16,28,2,9,6,0,4,0,2,20,9,29,0,0
02/01/2024 06:00:00,Ter,8,29,8,117,39,15,6,24,28,12,9,5,0,4,0,2,19,8,27,0,0
02/01/2024 07:00:00,Ter,7,61,18,118,48,7,6,16,25,2,19,18,0,4,0,3,19,10,29,0,0
02/01/2024 08:00:00,Ter,10,31,12,119,39,16,21,25,28,2,9,10,10,5,0,2,4,8,12,0,0
02/01/2024 09:00:00,Ter,12,32,18,118,41,8,8,15,28,3,19,12,0,14,0,3,19,4,23,0,0
02/01/2024 10:00:00,Ter,13,37,22,119,44,9,25,25,31,3,12,26,0,5,0,2,18,2,20,0,0
02/01/2024 11:00:00,Ter,12,30,12,118,55,18,16,17,31,3,18,24,0,4,0,2,2,2,4,0,0
02/01/2024 12:00:00,Ter,13,38,24,146,44,9,18,26,34,2,31,34,0,5,0,3,17,3,20,0,0
02/01/2024 13:00:00,Ter,23,15,12,123,45,18,29,18,34,13,25,24,10,5,0,2,17,2,19,0,0
02/01/2024 14:00:00,Ter,13,40,24,118,54,9,14,18,37,3,15,22,0,5,0,3,2,3,5,0,0
02/01/2024 15:00:00,Ter,13,37,12,119,50,20,31,29,40,3,28,32,0,15,0,2,16,2,18,0,0
02/01/2024 16:00:00,Ter,13,20,14,120,45,15,18,22,40,4,18,23,40,4,0,2,16,2,18,0,0
02/01/2024 17:00:00,Ter,13,52,24,124,57,13,33,32,40,4,31,30,0,5,0,3,19,6,25,0,0
02/01/2024 18:00:00,Ter,13,31,14,121,45,18,18,22,37,4,18,22,10,5,25,2,28,8,36,25,0
02/01/2024 19:00:00,Ter,14,32,24,123,44,8,31,28,31,4,25,31,0,4,25,3,45,10,55,25,0
02/01/2024 20:00:00,Ter,8,40,12,120,54,16,14,16,31,13,12,12,0,15,0,2,20,8,28,0,0
02/01/2024 21:00:00,Ter,9,34,20,118,48,6,25,25,31,2,22,19,0,4,15,2,19,9,28,0,0
02/01/2024 22:00:00,Ter,8,35,6,120,44,5,10,16,31,2,12,8,10,4,0,3,20,9,29,0,0
02/01/2024 23:00:00,Ter,8,37,6,119,55,15,8,16,28,3,19,8,0,4,0,2,19,9,28,0,0
03/01/2024 00:00:00,Qua,8,37,16,118,41,6,23,24,18,2,9,18,0,4,0,3,4,9,13,0,0
03/01/2024 01:00:00,Qua,17,33,4,116,45,15,6,16,28,2,19,7,0,5,0,2,19,9,28,0,0
03/01/2024 02:00:00,Qua,8,25,6,120,41,6,8,25,28,2,12,8,10,13,0,2,21,8,29,0,0
03/01/2024 03:00:00,Qua,7,20,16,120,55,16,21,16,28,12,9,17,40,4,0,3,18,10,28,0,0
03/01/2024 04:00:00,Qua,7,33,4,117,41,5,8,25,18,2,19,7,0,4,15,2,20,8,28,0,0
03/01/2024 05:00:00,Qua,8,30,6,119,45,5,6,15,28,2,9,17,0,4,0,3,20,10,30,0,0
03/01/2024 06:00:00,Qua,7,30,18,118,52,16,23,25,28,3,19,7,0,4,0,2,18,8,26,0,0
03/01/2024 07:00:00,Qua,7,30,12,117,41,5,8,15,34,2,9,7,0,4,0,3,5,10,15,0,0
03/01/2024 08:00:00,Qua,12,39,50,119,47,20,14,33,34,2,12,21,10,6,0,2,19,8,27,0,0
03/01/2024 09:00:00,Qua,20,57,66,122,78,9,31,26,37,3,25,27,40,17,0,2,18,4,22,0,0
03/01/2024 10:00:00,Qua,34,75,76,123,76,23,24,57,49,11,31,40,0,5,0,3,19,3,22,0,0
03/01/2024 11:00:00,Qua,26,67,68,122,95,26,45,51,62,2,18,38,50,6,0,3,3,3,6,0,0
03/01/2024 12:00:00,Qua,28,63,76,123,94,25,30,51,58,2,34,40,0,16,0,2,19,2,21,0,0
03/01/2024 13:00:00,Qua,30,75,76,124,110,16,41,64,52,1,37,42,40,6,0,2,18,2,20,0,0
03/01/2024 14:00:00,Qua,26,47,66,148,97,27,28,51,65,12,24,45,10,5,0,3,18,3,21,0,13
03/01/2024 15:00:00,Qua,26,68,72,124,113,27,45,66,55,1,34,52,40,6,0,2,3,2,5,0,10
03/01/2024 16:00:00,Qua,25,51,72,125,97,26,30,82,68,0,34,51,0,15,0,3,18,3,21,0,0
03/01/2024 17:00:00,Qua,33,56,64,124,104,16,43,56,58,2,24,44,50,6,0,2,17,2,19,0,0
03/01/2024 18:00:00,Qua,21,89,72,125,87,24,24,59,52,13,31,43,0,6,0,2,20,7,27,0,0
03/01/2024 19:00:00,Qua,19,72,60,118,68,22,33,45,56,3,25,38,0,5,0,3,5,9,14,0,3
03/01/2024 20:00:00,Qua,10,58,36,117,69,9,16,37,37,2,12,23,10,5,25,2,45,9,54,25,3
03/01/2024 21:00:00,Qua,9,47,14,116,60,17,12,33,24,2,19,30,0,15,25,3,44,9,53,25,0
03/01/2024 22:00:00,Qua,9,54,18,115,56,6,25,23,31,2,9,19,0,5,25,2,30,9,39,25,0
03/01/2024 23:00:00,Qua,7,52,8,114,67,8,10,33,31,3,22,28,40,5,25,2,43,8,51,25,0
04/01/2024 00:00:00,Qui,8,38,8,115,56,16,23,32,31,12,9,18,10,4,0,3,21,10,31,0,0
04/01/2024 01:00:00,Qui,7,57,18,113,57,7,8,33,18,2,9,19,0,5,0,2,19,8,27,0,0
04/01/2024 02:00:00,Qui,7,33,8,115,53,18,8,22,31,2,19,28,0,5,0,3,4,10,14,0,0
04/01/2024 03:00:00,Qui,7,44,8,112,67,6,23,33,28,2,9,17,0,14,15,2,34,8,42,0,0
04/01/2024 04:00:00,Qui,17,31,18,116,53,18,8,33,28,2,19,25,0,5,0,3,20,10,30,0,0
04/01/2024 05:00:00,Qui,7,42,8,113,54,6,8,22,21,3,9,12,10,5,0,2,4,8,12,0,0
04/01/2024 06:00:00,Qui,6,20,10,114,66,17,23,31,28,2,9,13,0,4,0,2,20,9,29,0,0
04/01/2024 07:00:00,Qui,8,59,26,113,54,8,8,33,34,12,19,25,0,5,0,3,18,9,27,0,0
04/01/2024 08:00:00,Qui,10,45,52,116,59,19,12,40,34,2,9,24,0,5,0,2,20,9,29,0,0
04/01/2024 09:00:00,Qui,17,62,68,116,81,11,35,44,40,3,25,34,40,6,0,3,3,4,7,0,0
04/01/2024 10:00:00,Qui,23,82,74,117,85,27,22,50,49,2,21,44,10,15,0,2,18,2,20,0,3
04/01/2024 11:00:00,Qui,26,57,64,120,91,26,39,60,52,0,34,42,40,6,0,3,19,3,22,0,1
04/01/2024 12:00:00,Qui,38,74,76,119,102,20,26,49,62,10,34,43,0,5,0,2,3,2,5,0,36
04/01/2024 13:00:00,Qui,27,63,74,118,91,28,39,56,52,0,21,37,50,6,0,2,34,2,36,0,0
04/01/2024 14:00:00,Qui,27,42,64,145,98,30,37,43,49,1,31,41,0,16,0,3,19,3,22,0,0
04/01/2024 15:00:00,Qui,31,96,70,120,97,33,32,50,68,14,37,46,40,5,0,2,20,2,22,0,0
04/01/2024 16:00:00,Qui,27,74,76,123,104,19,49,61,58,3,24,45,10,6,0,3,5,3,8,0,0
04/01/2024 17:00:00,Qui,23,64,66,121,88,25,26,53,65,4,31,48,40,5,15,2,35,2,37,0,0
04/01/2024 18:00:00,Qui,21,78,74,118,90,24,39,48,52,5,31,43,0,6,0,2,22,7,29,0,0
04/01/2024 19:00:00,Qui,17,73,60,117,69,10,18,40,46,15,28,38,10,15,0,3,19,10,29,0,0
04/01/2024 20:00:00,Qui,10,65,38,114,72,11,27,36,37,4,12,39,0,6,25,2,31,8,39,25,0
04/01/2024 21:00:00,Qui,17,38,12,112,59,19,10,24,34,3,22,28,0,5,0,3,20,10,30,0,0
04/01/2024 22:00:00,Qui,7,49,18,113,70,8,10,33,34,2,22,25,10,4,0,2,19,8,27,0,0
04/01/2024 23:00:00,Qui,7,37,8,115,56,17,23,21,34,2,9,33,40,5,0,2,5,9,14,0,0
05/01/2024 00:00:00,Sex,6,27,10,112,60,6,10,34,31,2,19,22,0,15,0,3,20,9,29,0,0
05/01/2024 01:00:00,Sex,6,58,18,113,66,16,8,24,24,12,12,31,0,4,0,2,20,9,29,0,0
05/01/2024 02:00:00,Sex,6,43,8,113,60,6,25,21,28,2,19,18,0,5,0,3,4,9,13,0,0
05/01/2024 03:00:00,Sex,6,32,8,113,56,16,8,31,31,3,9,16,10,5,0,2,20,9,29,0,0
05/01/2024 04:00:00,Sex,6,53,18,113,57,6,8,22,21,2,22,22,0,4,0,2,19,8,27,0,0
05/01/2024 05:00:00,Sex,6,43,8,111,66,15,23,30,31,2,19,11,0,5,0,3,21,10,31,0,0
05/01/2024 06:00:00,Sex,7,20,12,114,57,6,8,21,28,2,9,12,0,5,0,2,4,8,12,0,0
05/01/2024 07:00:00,Sex,6,38,30,113,56,16,8,21,37,2,19,21,0,14,15,3,50,10,60,0,0
05/01/2024 08:00:00,Sex,22,67,52,112,73,11,29,37,37,12,12,15,50,6,0,2,19,8,27,0,0
05/01/2024 09:00:00,Sex,19,73,68,115,76,20,18,41,40,2,25,31,0,5,0,2,4,2,6,0,0
05/01/2024 10:00:00,Sex,23,61,72,120,89,14,37,45,55,0,31,34,40,6,0,3,18,3,21,0,0
05/01/2024 11:00:00,Sex,24,52,66,121,104,25,24,41,55,0,21,32,0,5,0,3,21,3,24,0,0
05/01/2024 12:00:00,Sex,26,84,76,124,100,14,41,44,71,0,34,38,50,16,0,2,20,2,22,0,0
05/01/2024 13:00:00,Sex,26,54,74,148,104,25,22,46,55,11,31,37,0,5,0,3,5,3,8,0,0
05/01/2024 14:00:00,Sex,24,80,62,124,89,26,24,43,62,0,24,37,40,6,0,2,20,2,22,0,0
05/01/2024 15:00:00,Sex,24,55,72,128,104,17,39,44,61,0,34,38,10,6,0,2,22,2,24,0,0
05/01/2024 16:00:00,Sex,33,66,72,126,88,29,26,61,55,10,31,43,40,15,0,3,7,3,10,0,0
05/01/2024 17:00:00,Sex,23,68,62,127,98,18,41,51,65,2,34,58,0,5,0,2,20,2,22,0,0
05/01/2024 18:00:00,Sex,19,80,72,122,73,23,24,28,52,4,21,34,10,6,0,3,24,8,32,0,0
05/01/2024 19:00:00,Sex,17,100,48,118,72,12,35,37,40,5,25,39,40,6,0,2,21,9,30,0,0
05/01/2024 20:00:00,Sex,9,51,44,115,62,19,12,18,34,3,12,31,0,15,0,2,5,8,13,0,0
05/01/2024 21:00:00,Sex,8,60,12,116,64,8,23,26,34,13,19,39,10,5,25,3,44,10,54,25,2
05/01/2024 22:00:00,Sex,7,37,18,114,54,18,8,15,34,2,12,27,0,5,0,2,19,8,27,0,13
05/01/2024 23:00:00,Sex,8,49,8,113,56,6,8,25,27,2,19,35,0,5,25,3,32,10,42,25,3
06/01/2024 00:00:00,Sab,8,54,8,113,64,16,23,15,31,2,6,21,0,4,0,2,19,8,27,0,0
06/01/2024 01:00:00,Sab,7,24,18,113,56,6,8,26,34,3,19,23,0,5,0,3,20,10,30,0,0
06/01/2024 02:00:00,Sab,17,50,8,115,51,16,8,15,24,2,9,27,10,15,0,2,19,8,27,0,0
06/01/2024 03:00:00,Sab,8,41,8,115,63,6,8,25,31,12,9,17,40,4,0,2,6,9,15,0,0
06/01/2024 04:00:00,Sab,7,29,18,117,51,16,23,16,34,2,19,16,0,4,15,3,34,9,43,0,0
06/01/2024 05:00:00,Sab,8,60,8,117,53,6,8,24,31,2,9,22,0,4,0,2,20,9,29,0,0
06/01/2024 06:00:00,Sab,7,27,8,117,64,6,8,15,21,3,6,13,0,5,0,3,5,9,14,0,0
06/01/2024 07:00:00,Sab,7,39,20,116,50,16,23,26,31,2,19,12,0,4,0,2,21,9,30,0,0
06/01/2024 08:00:00,Sab,7,56,8,116,51,7,8,15,31,2,9,26,10,4,0,2,19,8,27,0,0
06/01/2024 09:00:00,Sab,7,28,8,115,63,16,8,25,28,1,9,15,0,5,0,3,2,3,5,0,0
06/01/2024 10:00:00,Sab,7,32,18,116,54,7,8,12,21,0,19,23,0,15,0,2,16,2,18,0,0
06/01/2024 11:00:00,Sab,7,43,8,115,50,17,25,20,28,10,9,10,0,5,25,3,42,3,45,25,0
06/01/2024 12:00:00,Sab,6,23,8,115,57,5,10,8,31,0,12,9,0,4,0,2,2,2,4,0,42
06/01/2024 13:00:00,Sab,17,22,18,116,60,7,10,4,31,0,22,17,0,5,15,3,32,3,35,0,5
06/01/2024 14:00:00,Sab,7,44,8,116,54,16,25,15,31,0,12,7,10,5,0,2,16,2,18,0,0
06/01/2024 15:00:00,Sab,6,24,8,117,56,7,12,6,31,0,22,20,40,5,0,2,2,2,4,0,0
06/01/2024 16:00:00,Sab,7,15,16,115,64,16,27,23,31,0,9,15,0,4,25,3,41,3,44,25,24
06/01/2024 17:00:00,Sab,6,48,8,117,53,7,10,14,21,2,12,29,0,15,50,2,67,2,69,50,4
06/01/2024 18:00:00,Sab,7,47,18,116,54,7,10,26,31,3,22,20,0,5,25,3,29,8,37,25,0
06/01/2024 19:00:00,Sab,8,48,8,140,63,16,27,17,28,13,12,29,10,5,0,2,20,8,28,0,0
06/01/2024 20:00:00,Sab,7,47,8,113,54,6,8,25,31,3,9,16,0,5,0,2,20,9,29,0,0
06/01/2024 21:00:00,Sab,8,23,18,116,53,17,10,16,28,2,19,14,0,5,0,3,5,9,14,0,0
06/01/2024 22:00:00,Sab,9,55,8,116,61,6,23,25,21,2,9,25,0,15,25,2,45,8,53,25,0
06/01/2024 23:00:00,Sab,9,47,8,114,50,16,10,16,28,2,19,13,10,5,0,3,20,10,30,0,0
07/01/2024 00:00:00,Dom,8,45,18,114,54,6,8,25,31,2,9,23,0,5,25,2,29,8,37,25,0
07/01/2024 01:00:00,Dom,7,56,8,116,47,6,10,16,28,3,9,12,0,4,0,3,20,10,30,0,0
07/01/2024 02:00:00,Dom,16,33,6,115,61,15,23,26,18,2,19,11,0,5,0,2,21,8,29,0,0
07/01/2024 03:00:00,Dom,8,62,18,115,47,6,10,15,31,12,9,20,0,4,0,2,5,9,14,0,0
07/01/2024 04:00:00,Dom,7,21,8,114,51,16,8,26,28,2,19,11,50,4,0,3,19,10,29,0,0
07/01/2024 05:00:00,Dom,7,29,8,116,60,6,23,16,18,3,6,12,0,5,0,2,20,8,28,0,0
07/01/2024 06:00:00,Dom,7,49,18,115,48,17,8,26,28,2,9,20,0,14,0,3,5,10,15,0,0
07/01/2024 07:00:00,Dom,7,35,8,114,50,6,8,15,31,2,19,13,0,4,0,2,20,8,28,0,0
07/01/2024 08:00:00,Dom,7,45,6,116,61,6,8,26,28,2,9,14,0,5,0,2,20,8,28,0,0
07/01/2024 09:00:00,Dom,7,38,18,115,47,17,23,15,15,1,6,23,0,4,0,3,2,3,5,0,0
07/01/2024 10:00:00,Dom,6,23,6,115,51,6,8,22,28,10,19,13,10,5,15,2,31,2,33,0,0
07/01/2024 11:00:00,Dom,7,42,6,115,50,17,8,4,31,0,9,16,0,5,0,3,17,3,20,0,0
07/01/2024 12:00:00,Dom,6,22,16,115,51,6,21,11,28,0,9,2,0,4,25,2,26,2,28,25,0
07/01/2024 13:00:00,Dom,17,32,6,114,60,6,10,1,28,0,19,12,0,5,0,3,17,3,20,0,0
07/01/2024 14:00:00,Dom,6,23,6,116,51,17,8,3,18,0,9,3,0,13,0,2,16,2,18,0,0
07/01/2024 15:00:00,Dom,6,22,18,115,47,6,8,14,28,0,9,5,0,2,0,2,17,2,19,0,31
07/01/2024 16:00:00,Dom,6,23,6,115,51,16,25,12,31,0,19,19,50,2,0,3,2,3,5,0,27
07/01/2024 17:00:00,Dom,7,58,6,114,57,7,10,24,34,1,9,12,0,2,0,2,17,2,19,0,21
07/01/2024 18:00:00,Dom,7,33,18,116,51,6,10,16,34,2,9,23,0,3,25,3,43,7,50,25,45
07/01/2024 19:00:00,Dom,8,29,6,112,50,17,27,27,34,13,19,12,0,2,0,2,6,8,14,0,2
07/01/2024 20:00:00,Dom,9,54,18,115,61,6,10,16,24,2,9,23,10,13,0,2,19,9,28,0,0
07/01/2024 21:00:00,Dom,7,36,8,115,50,16,8,26,31,2,19,15,0,2,0,3,20,9,29,0,0
07/01/2024 22:00:00,Dom,8,58,8,115,51,6,23,16,31,3,9,25,0,2,0,2,4,9,13,0,0
07/01/2024 23:00:00,Dom,8,35,18,115,47,5,8,26,34,2,9,12,0,3,0,3,22,9,31,0,0
08/01/2024 00:00:00,Seg,8,57,8,114,61,17,8,16,18,2,19,15,10,2,0,2,19,9,28,0,0
08/01/2024 01:00:00,Seg,7,57,6,116,50,6,23,26,31,2,9,24,0,2,15,3,20,9,29,0,0
08/01/2024 02:00:00,Seg,18,34,18,117,48,16,6,16,28,12,9,11,0,2,0,2,34,9,43,0,0
08/01/2024 03:00:00,Seg,7,44,8,116,60,6,8,26,21,3,19,11,0,13,0,2,21,8,29,0,0
08/01/2024 04:00:00,Seg,8,43,8,116,47,16,23,16,28,2,9,21,0,3,0,3,5,10,15,0,0
08/01/2024 05:00:00,Seg,8,33,18,115,51,6,6,26,31,2,19,11,50,3,0,2,19,8,27,0,0
08/01/2024 06:00:00,Seg,8,42,14,118,47,15,8,16,28,2,9,9,0,3,0,3,22,10,32,0,0
08/01/2024 07:00:00,Seg,8,49,22,115,61,7,23,26,24,2,9,26,0,4,0,2,4,8,12,0,0
08/01/2024 08:00:00,Seg,12,52,60,115,53,10,16,22,37,2,22,27,0,6,0,3,20,10,30,0,0
08/01/2024 09:00:00,Seg,17,69,58,124,78,20,22,37,49,12,15,45,0,5,0,2,22,3,25,0,0
08/01/2024 10:00:00,Seg,24,70,76,152,94,24,39,63,65,1,34,56,50,16,0,2,7,2,9,0,0
08/01/2024 11:00:00,Seg,28,64,74,132,112,17,28,58,58,0,37,70,0,5,0,3,21,3,24,0,0
08/01/2024 12:00:00,Seg,41,73,66,131,131,29,45,90,71,10,37,65,40,6,15,2,36,2,38,0,19
08/01/2024 13:00:00,Seg,30,63,76,128,125,28,43,58,61,0,27,65,0,6,0,3,34,3,37,0,7
08/01/2024 14:00:00,Seg,29,75,74,130,128,18,28,69,74,1,37,58,50,7,0,2,5,2,7,0,0
08/01/2024 15:00:00,Seg,26,69,62,132,115,28,43,61,67,2,37,61,0,16,0,2,21,2,23,0,0
08/01/2024 16:00:00,Seg,29,76,74,129,131,18,32,66,77,15,24,67,40,6,0,3,22,3,25,0,0
08/01/2024 17:00:00,Seg,26,70,76,131,112,28,47,73,64,6,37,74,10,6,0,2,7,2,9,0,0
08/01/2024 18:00:00,Seg,32,84,64,129,98,26,30,54,68,6,34,65,0,7,0,3,24,8,32,0,0
08/01/2024 19:00:00,Seg,19,71,58,122,74,11,39,35,46,15,18,43,40,16,0,2,20,9,29,0,0
08/01/2024 20:00:00,Seg,12,73,32,123,73,10,18,39,43,5,25,24,10,6,25,2,30,8,38,25,0
08/01/2024 21:00:00,Seg,8,40,20,118,62,17,25,33,34,3,12,29,0,6,0,3,21,10,31,0,0
08/01/2024 22:00:00,Seg,8,42,6,122,63,8,10,23,34,3,22,19,0,5,0,2,19,8,27,0,0
08/01/2024 23:00:00,Seg,8,40,16,117,72,17,10,33,31,4,9,19,0,6,0,3,20,10,30,0,0
09/01/2024 00:00:00,Ter,8,59,6,118,63,8,25,23,24,3,22,29,10,15,0,2,4,8,12,0,7
09/01/2024 01:00:00,Ter,7,59,6,119,59,16,8,32,31,12,9,18,0,5,0,2,37,9,46,0,0
09/01/2024 02:00:00,Ter,7,29,16,119,70,8,10,23,34,2,22,27,0,6,0,3,19,9,28,0,0
09/01/2024 03:00:00,Ter,8,48,6,118,62,17,23,32,31,3,9,15,0,4,0,2,5,9,14,0,0
09/01/2024 04:00:00,Ter,9,56,6,119,60,8,8,22,21,2,19,16,0,3,0,3,19,9,28,0,0
09/01/2024 05:00:00,Ter,19,28,14,119,59,17,10,32,31,2,9,21,40,3,0,2,21,9,30,0,0
09/01/2024 06:00:00,Ter,9,44,8,117,70,8,23,23,34,2,12,11,10,3,0,2,4,8,12,0,0
09/01/2024 07:00:00,Ter,8,41,18,117,59,17,10,33,37,2,19,26,0,15,0,3,20,10,30,0,0
09/01/2024 08:00:00,Ter,14,53,60,143,68,10,12,27,37,13,12,23,0,6,0,2,21,8,29,0,0
09/01/2024 09:00:00,Ter,23,48,60,125,90,12,33,45,46,2,28,50,0,7,0,3,5,5,10,0,0
09/01/2024 10:00:00,Ter,28,69,72,126,113,26,22,67,52,1,21,61,50,6,0,2,21,2,23,0,0
09/01/2024 11:00:00,Ter,31,63,74,125,121,30,39,61,65,0,34,71,0,6,0,2,20,2,22,0,0
09/01/2024 12:00:00,Ter,36,74,68,127,129,19,28,72,61,13,37,76,40,16,0,3,5,3,8,0,22
09/01/2024 13:00:00,Ter,35,57,76,128,112,29,43,63,74,2,30,61,0,7,0,2,34,2,36,0,5
09/01/2024 14:00:00,Ter,40,51,76,129,116,20,45,69,64,4,37,61,50,7,0,3,22,3,25,0,0
09/01/2024 15:00:00,Ter,33,96,66,130,112,33,30,67,80,16,37,74,0,6,0,2,22,2,24,0,0
09/01/2024 16:00:00,Ter,32,67,76,132,112,29,47,77,67,8,27,74,40,15,0,2,6,2,8,0,0
09/01/2024 17:00:00,Ter,29,90,76,129,114,29,30,62,74,5,34,72,10,6,25,3,44,3,47,25,0
09/01/2024 18:00:00,Ter,25,81,64,123,107,25,43,57,61,4,31,63,0,6,0,2,23,9,32,0,0
09/01/2024 19:00:00,Ter,20,73,62,122,81,12,20,50,49,14,18,54,0,5,0,3,5,9,14,0,0
09/01/2024 20:00:00,Ter,11,72,32,118,74,20,33,35,47,3,28,44,0,16,25,2,46,9,55,25,2
09/01/2024 21:00:00,Ter,10,30,20,117,78,7,14,24,24,2,12,25,50,5,0,2,23,8,31,0,8
09/01/2024 22:00:00,Ter,19,47,6,116,69,8,27,24,34,3,22,23,0,4,50,3,55,10,65,50,0
09/01/2024 23:00:00,Ter,8,57,16,117,65,17,12,32,34,3,9,32,0,5,0,2,22,8,30,0,0
10/01/2024 00:00:00,Qua,10,27,6,118,79,7,12,23,34,2,22,21,0,5,50,3,71,10,81,50,0
10/01/2024 01:00:00,Qua,8,57,6,115,65,17,12,34,31,13,9,22,10,5,25,2,47,8,55,25,0
10/01/2024 02:00:00,Qua,8,27,6,117,66,8,29,23,34,2,12,27,0,14,0,2,6,9,15,0,0
10/01/2024 03:00:00,Qua,8,34,16,118,75,17,12,24,21,2,19,15,0,5,0,3,22,9,31,0,0
10/01/2024 04:00:00,Qua,9,45,6,142,66,7,10,33,34,3,9,11,0,4,0,2,36,9,45,0,0
10/01/2024 05:00:00,Qua,8,34,6,116,65,18,27,23,31,2,19,21,0,5,0,3,6,9,15,0,0
10/01/2024 06:00:00,Qua,9,41,20,116,63,7,14,33,34,2,9,11,10,4,0,2,22,9,31,0,0
10/01/2024 07:00:00,Qua,8,39,20,118,75,18,12,23,37,12,9,11,0,4,0,3,21,9,30,0,0
10/01/2024 08:00:00,Qua,14,77,62,117,68,11,31,40,40,3,25,25,40,6,0,2,8,9,17,0,0
10/01/2024 09:00:00,Qua,35,64,58,124,99,11,20,50,46,1,18,35,0,16,0,2,19,2,21,0,0
10/01/2024 10:00:00,Qua,34,55,74,125,106,24,43,76,61,1,31,53,10,6,0,3,21,3,24,0,0
10/01/2024 11:00:00,Qua,36,72,76,131,118,27,34,102,74,0,21,60,40,6,0,2,22,2,24,0,0
10/01/2024 12:00:00,Qua,37,50,68,129,131,30,49,63,61,10,34,54,0,7,0,3,6,3,9,0,0
10/01/2024 13:00:00,Qua,33,72,74,129,124,30,34,69,74,0,37,54,40,6,0,2,20,2,22,0,0
10/01/2024 14:00:00,Qua,31,54,72,131,128,26,47,57,61,1,37,44,0,7,0,2,21,2,23,0,23
10/01/2024 15:00:00,Qua,30,64,62,131,112,18,47,68,77,10,24,43,50,16,0,3,6,3,9,0,1
10/01/2024 16:00:00,Qua,29,61,76,130,116,31,30,61,67,2,37,49,0,6,15,2,33,2,35,0,0
10/01/2024 17:00:00,Qua,38,64,74,130,104,27,49,66,74,4,37,54,0,6,0,3,18,3,21,0,0
10/01/2024 18:00:00,Qua,23,103,64,129,98,26,28,52,58,14,21,41,50,6,25,2,47,6,53,25,0
10/01/2024 19:00:00,Qua,21,59,60,125,74,22,37,50,46,3,28,34,0,15,0,3,7,10,17,0,29
10/01/2024 20:00:00,Qua,12,73,34,122,79,9,18,40,37,2,25,23,0,6,0,2,38,8,46,0,6
10/01/2024 21:00:00,Qua,10,46,20,120,68,8,29,31,37,3,9,33,10,5,0,2,22,9,31,0,0
10/01/2024 22:00:00,Qua,9,66,6,120,72,18,10,31,34,3,12,21,0,5,0,3,8,9,17,0,0
10/01/2024 23:00:00,Qua,8,44,6,145,63,6,27,31,34,2,19,17,0,4,50,2,71,9,80,50,0
11/01/2024 00:00:00,Qui,9,44,16,120,62,17,10,22,34,13,9,25,40,13,0,3,23,9,32,0,0
11/01/2024 01:00:00,Qui,9,72,6,119,73,6,10,31,31,2,19,16,10,2,0,2,21,9,30,0,0
11/01/2024 02:00:00,Qui,9,29,6,120,62,17,27,31,34,2,9,13,0,3,0,2,8,8,16,0,0
11/01/2024 03:00:00,Qui,19,58,16,119,63,7,10,31,21,3,12,24,0,2,0,3,21,10,31,0,0
11/01/2024 04:00:00,Qui,9,37,6,119,72,16,10,21,34,2,19,14,0,2,0,2,22,8,30,0,0
11/01/2024 05:00:00,Qui,10,27,6,119,63,6,10,31,31,3,9,15,0,1,0,3,7,10,17,0,0
11/01/2024 06:00:00,Qui,9,55,18,119,62,17,27,30,31,12,9,22,10,12,0,2,22,8,30,0,0
11/01/2024 07:00:00,Qui,10,32,14,118,60,7,10,31,40,2,19,16,0,2,0,3,22,10,32,0,0
11/01/2024 08:00:00,Qui,14,58,62,118,78,21,16,38,37,3,12,24,40,5,0,2,7,8,15,0,0
11/01/2024 09:00:00,Qui,28,71,56,124,83,13,37,40,46,1,28,47,0,6,0,2,18,2,20,0,0
11/01/2024 10:00:00,Qui,34,45,76,126,116,26,22,44,55,0,34,51,40,5,0,3,19,3,22,0,0
11/01/2024 11:00:00,Qui,36,48,76,125,122,28,41,51,65,0,21,53,10,5,0,2,3,2,5,0,0
11/01/2024 12:00:00,Qui,38,69,66,129,124,20,28,43,55,10,34,48,40,6,0,3,34,3,37,0,0
11/01/2024 13:00:00,Qui,34,50,76,126,128,28,43,54,62,0,31,50,0,15,0,2,18,2,20,0,0
11/01/2024 14:00:00,Qui,42,60,74,127,110,29,41,39,55,0,31,52,40,6,0,2,18,2,20,0,16
11/01/2024 15:00:00,Qui,31,72,62,128,112,28,30,52,68,10,24,59,10,5,0,3,4,3,7,0,0
11/01/2024 16:00:00,Qui,31,64,72,128,128,29,43,54,58,1,31,63,40,6,0,2,18,2,20,0,0
11/01/2024 17:00:00,Qui,29,81,74,126,109,28,43,54,58,3,34,61,0,5,0,3,19,3,22,0,3
11/01/2024 18:00:00,Qui,22,71,62,125,99,15,28,63,62,15,21,61,10,6,0,2,6,6,12,0,2
11/01/2024 19:00:00,Qui,19,81,62,121,80,24,37,51,43,4,25,58,0,15,0,2,22,8,30,0,0
11/01/2024 20:00:00,Qui,10,64,34,143,81,11,16,37,37,3,15,38,40,5,0,3,22,10,32,0,0
11/01/2024 21:00:00,Qui,8,56,20,118,65,17,29,32,34,3,22,39,10,5,0,2,22,8,30,0,0
11/01/2024 22:00:00,Qui,8,40,8,117,69,8,12,32,34,2,9,26,0,5,0,3,7,10,17,0,0
11/01/2024 23:00:00,Qui,7,64,6,118,72,9,25,21,21,2,22,26,0,5,0,2,22,8,30,0,0
12/01/2024 00:00:00,Sex,7,45,16,116,66,18,12,32,28,13,12,29,0,14,0,2,22,9,31,0,0
12/01/2024 01:00:00,Sex,17,40,6,118,62,10,10,32,31,2,22,18,10,5,15,3,21,9,30,0,0
12/01/2024 02:00:00,Sex,7,48,6,114,76,18,27,20,28,2,9,15,0,4,0,2,20,9,29,0,0
12/01/2024 03:00:00,Sex,7,38,16,118,62,8,10,31,21,2,12,24,0,5,0,3,21,9,30,0,0
12/01/2024 04:00:00,Sex,7,54,6,118,66,17,10,32,28,2,19,14,0,4,0,2,5,9,14,0,0
12/01/2024 05:00:00,Sex,7,37,8,118,62,7,25,31,31,3,12,14,0,4,0,2,22,8,30,0,0
12/01/2024 06:00:00,Sex,7,42,18,117,73,18,12,21,28,12,19,13,0,4,0,3,19,10,29,0,0
12/01/2024 07:00:00,Sex,7,53,12,116,65,7,10,32,24,2,12,28,10,5,0,2,6,8,14,0,0
12/01/2024 08:00:00,Sex,10,49,64,118,68,11,18,37,37,3,15,29,40,5,0,3,21,9,30,0,5
12/01/2024 09:00:00,Sex,21,63,58,125,90,22,35,50,53,1,31,52,0,15,0,2,18,2,20,0,1
12/01/2024 10:00:00,Sex,38,56,72,124,98,26,26,64,49,1,37,53,40,5,0,3,19,3,22,0,0
12/01/2024 11:00:00,Sex,50,78,72,128,122,32,47,57,58,0,27,53,10,6,0,2,20,2,22,0,0
12/01/2024 12:00:00,Sex,39,37,66,127,106,17,51,64,61,10,37,44,0,5,0,2,21,2,23,0,0
12/01/2024 13:00:00,Sex,38,50,72,127,120,28,32,50,65,0,34,40,40,6,0,3,19,3,22,0,0
12/01/2024 14:00:00,Sex,33,85,74,129,103,26,45,61,58,0,21,41,0,15,0,2,6,2,8,0,0
12/01/2024 15:00:00,Sex,34,49,60,131,103,29,28,49,71,10,34,39,50,7,0,3,18,3,21,0,0
12/01/2024 16:00:00,Sex,31,58,72,130,111,28,47,65,58,0,31,41,0,6,0,2,17,2,19,0,0
12/01/2024 17:00:00,Sex,30,64,70,128,104,15,47,55,62,2,21,48,40,6,0,2,4,2,6,0,0
12/01/2024 18:00:00,Sex,27,57,62,151,80,25,28,50,52,5,28,42,10,7,0,3,19,6,25,0,0
12/01/2024 19:00:00,Sex,23,55,58,120,81,12,35,44,43,13,15,51,0,16,0,2,21,9,30,0,7
12/01/2024 20:00:00,Sex,10,51,32,122,68,21,18,38,31,3,25,34,0,6,25,3,45,9,54,25,1
12/01/2024 21:00:00,Sex,18,37,20,120,63,10,14,24,34,2,9,41,10,5,0,2,4,9,13,0,0
12/01/2024 22:00:00,Sex,7,47,6,120,72,19,27,35,21,3,19,29,0,6,15,2,35,8,43,0,0
12/01/2024 23:00:00,Sex,8,46,8,118,63,9,10,23,31,2,9,27,0,5,0,3,20,10,30,0,0
13/01/2024 00:00:00,Sab,9,35,16,119,62,8,10,34,31,2,19,34,40,5,25,2,31,8,39,25,0
13/01/2024 01:00:00,Sab,8,40,6,120,73,19,27,24,31,3,9,25,0,14,0,3,19,10,29,0,0
13/01/2024 02:00:00,Sab,8,34,8,119,59,8,10,33,21,12,9,22,10,5,0,2,20,8,28,0,0
13/01/2024 03:00:00,Sab,9,38,16,119,60,18,12,24,28,3,16,33,0,4,0,2,35,9,44,0,0
13/01/2024 04:00:00,Sab,9,30,6,120,72,8,25,34,31,3,9,22,0,5,0,3,5,9,14,0,0
13/01/2024 05:00:00,Sab,9,30,6,119,60,18,10,24,21,2,19,21,0,4,25,2,44,9,53,25,0
13/01/2024 06:00:00,Sab,9,37,18,119,59,9,12,33,28,3,9,32,0,4,0,3,20,9,29,0,0
13/01/2024 07:00:00,Sab,9,36,6,121,60,17,10,25,31,2,9,21,0,4,0,2,4,9,13,0,0
13/01/2024 08:00:00,Sab,19,28,6,119,73,9,27,33,28,3,16,22,10,5,0,2,20,8,28,0,0
13/01/2024 09:00:00,Sab,8,38,18,119,59,8,10,26,28,12,9,23,0,15,0,3,18,4,22,0,0
13/01/2024 10:00:00,Sab,8,21,6,120,60,19,12,36,18,2,9,33,0,4,0,2,1,2,3,0,3
13/01/2024 11:00:00,Sab,9,34,8,118,72,9,10,35,28,1,19,26,0,5,0,3,17,3,20,0,3
13/01/2024 12:00:00,Sab,9,35,16,120,60,8,27,26,31,1,9,22,0,5,0,2,16,2,18,0,0
13/01/2024 13:00:00,Sab,10,14,8,118,59,19,12,35,28,1,9,29,40,5,0,2,2,2,4,0,9
13/01/2024 14:00:00,Sab,9,45,6,118,73,9,12,33,31,1,22,22,10,5,25,3,41,3,44,25,17
13/01/2024 15:00:00,Sab,10,16,18,119,56,20,14,24,31,1,9,22,0,15,25,2,42,2,44,25,11
13/01/2024 16:00:00,Sab,10,51,8,121,60,9,29,34,21,2,19,30,0,5,0,3,16,3,19,0,11
13/01/2024 17:00:00,Sab,10,30,18,118,59,8,16,36,31,2,12,23,0,4,0,2,5,6,11,0,31
13/01/2024 18:00:00,Sab,13,39,8,119,73,19,14,25,31,13,9,23,0,5,25,2,44,8,52,25,42
13/01/2024 19:00:00,Sab,22,50,6,119,59,8,29,38,31,3,19,33,10,5,0,3,21,10,31,0,7
13/01/2024 20:00:00,Sab,13,48,16,118,60,19,14,26,28,3,12,18,0,15,15,2,19,8,27,0,0
13/01/2024 21:00:00,Sab,11,45,8,121,69,9,12,36,31,3,16,19,0,5,0,3,21,10,31,0,0
13/01/2024 22:00:00,Sab,10,36,6,119,60,8,12,26,21,2,9,27,0,5,0,2,19,8,27,0,0
13/01/2024 23:00:00,Sab,10,48,16,121,59,18,27,34,31,3,9,17,10,4,25,3,30,10,40,25,4
14/01/2024 00:00:00,Dom,10,46,6,118,67,8,10,24,28,3,19,15,0,5,0,2,19,8,27,0,19
14/01/2024 01:00:00,Dom,11,36,6,120,59,19,12,35,31,12,9,26,40,5,25,2,46,9,55,25,0
14/01/2024 02:00:00,Dom,10,33,16,119,60,8,25,25,21,3,9,15,0,14,0,3,19,9,28,0,0
14/01/2024 03:00:00,Dom,11,41,8,119,59,18,10,34,28,2,16,15,0,4,0,2,5,9,14,0,0
14/01/2024 04:00:00,Dom,10,51,6,122,67,8,12,25,31,3,9,14,10,4,0,3,19,9,28,0,0
14/01/2024 05:00:00,Dom,11,29,16,121,59,9,10,34,28,3,19,25,0,5,0,2,21,9,30,0,0
14/01/2024 06:00:00,Dom,10,18,6,119,60,19,27,24,21,2,9,14,0,4,0,2,4,8,12,0,0
14/01/2024 07:00:00,Dom,21,44,6,121,66,8,10,36,28,3,6,16,0,4,0,3,20,9,29,0,0
14/01/2024 08:00:00,Dom,10,18,16,120,60,19,12,26,28,3,19,15,0,4,0,2,19,9,28,0,0
14/01/2024 09:00:00,Dom,9,27,6,119,60,8,10,36,28,12,9,27,10,5,0,3,18,5,23,0,0
14/01/2024 10:00:00,Dom,10,42,6,120,59,19,25,25,28,1,9,16,0,15,0,2,2,2,4,0,0
14/01/2024 11:00:00,Dom,8,22,14,121,70,9,12,33,18,1,19,14,0,5,0,2,16,2,18,0,0
14/01/2024 12:00:00,Dom,9,28,6,119,56,8,12,22,28,0,9,25,0,4,0,3,17,3,20,0,0
14/01/2024 13:00:00,Dom,9,22,4,120,60,19,12,34,28,1,9,14,40,6,0,2,1,2,3,0,0
14/01/2024 14:00:00,Dom,8,20,16,145,59,9,27,21,31,0,19,14,10,5,0,3,17,3,20,0,0
14/01/2024 15:00:00,Dom,9,32,4,120,70,19,12,33,31,0,9,29,0,4,0,2,16,2,18,0,0
14/01/2024 16:00:00,Dom,8,14,16,120,59,9,12,24,28,2,19,21,0,15,0,2,3,2,5,0,0
14/01/2024 17:00:00,Dom,9,30,6,121,60,20,25,35,18,12,9,21,0,5,0,3,17,3,20,0,0
14/01/2024 18:00:00,Dom,20,45,6,120,69,10,12,26,31,2,9,28,0,5,0,2,20,7,27,0,11
14/01/2024 19:00:00,Dom,10,44,16,121,60,10,10,35,31,3,22,16,10,5,15,2,34,9,43,0,19
14/01/2024 20:00:00,Dom,10,41,6,120,59,19,12,25,28,3,9,16,0,5,0,3,5,9,14,0,0
14/01/2024 21:00:00,Dom,11,31,6,121,57,9,25,34,31,3,6,26,0,14,0,2,20,9,29,0,0
14/01/2024 22:00:00,Dom,10,40,16,120,69,20,12,25,31,2,19,17,0,5,0,3,20,9,29,0,0
14/01/2024 23:00:00,Dom,10,41,8,120,60,10,12,35,21,3,9,17,10,5,0,2,4,9,13,0,0
15/01/2024 00:00:00,Seg,10,29,6,120,59,9,10,25,34,3,9,26,0,4,0,2,20,8,28,0,0
15/01/2024 01:00:00,Seg,9,44,16,122,70,19,27,35,28,12,19,15,0,5,25,3,45,10,55,25,0
15/01/2024 02:00:00,Seg,10,40,6,121,56,9,10,24,31,2,9,16,40,4,0,2,20,8,28,0,0
15/01/2024 03:00:00,Seg,10,32,6,121,60,18,12,34,18,3,19,16,0,4,0,3,4,10,14,0,0
15/01/2024 04:00:00,Seg,10,28,16,121,66,9,25,25,31,2,9,25,10,15,0,2,20,8,28,0,0
15/01/2024 05:00:00,Seg,20,40,8,119,60,18,12,35,28,2,9,14,0,3,0,2,20,9,29,0,0
15/01/2024 06:00:00,Seg,10,29,10,121,59,8,10,24,18,3,19,14,0,3,0,3,5,9,14,0,0
15/01/2024 07:00:00,Seg,10,29,32,121,57,19,27,24,37,12,9,15,0,2,0,2,19,9,28,0,0
15/01/2024 08:00:00,Seg,14,47,52,122,75,12,14,38,34,2,19,27,0,3,0,3,20,9,29,0,0
15/01/2024 09:00:00,Seg,21,59,68,123,77,22,22,44,40,2,15,34,50,4,0,2,4,4,8,0,0
15/01/2024 10:00:00,Seg,27,86,72,124,110,16,39,53,46,2,34,45,0,13,0,2,34,2,36,0,0
15/01/2024 11:00:00,Seg,28,65,64,126,121,32,43,74,62,3,34,53,40,3,0,3,19,3,22,0,0
15/01/2024 12:00:00,Seg,30,55,74,127,131,22,28,64,52,4,24,56,10,3,0,2,20,2,22,0,0
15/01/2024 13:00:00,Seg,31,91,66,127,116,32,41,75,62,14,34,59,40,4,0,2,2,2,4,0,0
15/01/2024 14:00:00,Seg,43,58,74,128,119,35,43,69,58,3,37,53,0,14,0,3,21,3,24,0,0
15/01/2024 15:00:00,Seg,32,85,70,127,118,33,28,58,68,3,34,52,50,3,0,2,20,2,22,0,0
15/01/2024 16:00:00,Seg,30,66,64,131,126,33,47,71,58,5,21,57,0,3,25,3,42,3,45,25,0
15/01/2024 17:00:00,Seg,26,90,74,128,103,27,45,58,65,4,34,54,40,4,15,2,19,2,21,0,0
15/01/2024 18:00:00,Seg,21,80,72,148,98,35,30,55,55,5,28,37,10,3,15,2,37,7,44,0,0
15/01/2024 19:00:00,Seg,21,56,48,122,75,18,33,58,43,13,21,45,0,13,0,3,21,9,30,0,0
15/01/2024 20:00:00,Seg,12,76,42,123,78,20,14,26,34,3,25,33,0,4,40,2,62,9,71,25,0
15/01/2024 21:00:00,Seg,11,39,12,119,62,10,12,31,34,2,12,28,0,2,25,3,32,9,41,25,0
15/01/2024 22:00:00,Seg,9,50,18,120,73,20,27,22,31,3,25,35,10,3,15,2,35,9,44,0,0
15/01/2024 23:00:00,Seg,10,39,6,121,62,10,12,31,34,2,9,24,40,3,25,2,48,8,56,25,0
16/01/2024 00:00:00,Ter,19,25,6,120,60,20,25,22,31,2,22,24,0,3,40,3,45,10,55,25,0
16/01/2024 01:00:00,Ter,9,66,8,120,62,9,12,31,28,2,9,34,0,12,15,2,38,8,46,0,0
16/01/2024 02:00:00,Ter,9,33,16,121,70,20,10,21,21,13,9,24,10,3,0,2,20,9,29,0,0
16/01/2024 03:00:00,Ter,8,34,8,121,62,9,25,30,31,2,19,33,0,2,15,3,36,9,45,0,0
16/01/2024 04:00:00,Ter,9,52,6,120,60,19,10,22,28,2,12,23,0,3,0,2,7,9,16,0,0
16/01/2024 05:00:00,Ter,10,24,18,121,59,10,12,30,31,2,19,23,0,2,15,3,36,9,45,0,0
16/01/2024 06:00:00,Ter,9,29,12,119,70,20,25,20,18,3,9,22,0,3,15,2,36,8,44,0,0
16/01/2024 07:00:00,Ter,9,44,32,120,59,9,10,30,37,2,9,33,40,2,0,2,7,9,16,0,0
16/01/2024 08:00:00,Ter,14,47,50,122,66,13,16,38,34,13,22,25,10,3,15,3,36,9,45,0,0
16/01/2024 09:00:00,Ter,25,60,70,121,89,24,35,45,43,2,25,46,0,14,0,2,20,5,25,0,0
16/01/2024 10:00:00,Ter,37,63,62,124,89,26,24,52,46,1,18,54,40,3,15,2,34,2,36,0,0
16/01/2024 11:00:00,Ter,28,60,70,125,107,21,43,60,59,0,31,48,10,3,0,3,6,3,9,0,4
16/01/2024 12:00:00,Ter,27,88,74,126,106,34,45,60,65,2,31,47,0,3,15,2,34,2,36,0,10
16/01/2024 13:00:00,Ter,28,65,66,124,110,32,26,67,55,1,34,48,40,14,15,3,34,3,37,0,0
16/01/2024 14:00:00,Ter,28,69,72,126,94,34,41,50,52,10,24,46,0,3,0,2,7,2,9,0,0
16/01/2024 15:00:00,Ter,28,59,66,128,113,42,43,63,65,1,31,41,50,17,15,2,37,2,39,0,0
16/01/2024 16:00:00,Ter,26,66,74,127,98,40,26,52,55,2,34,50,0,12,0,3,18,3,21,0,11
16/01/2024 17:00:00,Ter,25,89,74,151,104,20,41,62,65,3,21,35,40,13,15,2,35,2,37,0,11
16/01/2024 18:00:00,Ter,31,71,64,126,83,26,24,49,52,4,28,35,10,3,0,2,7,6,13,0,11
16/01/2024 19:00:00,Ter,19,73,60,124,81,24,35,44,43,14,25,28,0,3,15,3,39,10,49,0,9
16/01/2024 20:00:00,Ter,10,44,34,122,62,11,16,35,44,3,15,22,0,4,15,2,52,8,60,0,1
16/01/2024 21:00:00,Ter,9,59,22,121,70,8,29,19,24,4,22,31,0,2,0,3,22,10,32,0,0
16/01/2024 22:00:00,Ter,10,36,6,122,59,17,14,30,31,3,12,21,10,13,40,2,47,9,56,25,0
16/01/2024 23:00:00,Ter,9,43,18,120,57,8,12,18,31,4,19,19,40,2,0,2,20,8,28,0,0
17/01/2024 00:00:00,Qua,9,51,6,121,66,18,27,30,31,3,9,27,0,2,15,3,37,10,47,0,0
17/01/2024 01:00:00,Qua,8,25,8,121,57,8,10,19,31,3,19,15,0,3,0,2,20,8,28,0,0
17/01/2024 02:00:00,Qua,8,33,16,121,56,18,10,28,21,13,9,16,10,2,15,2,21,9,30,0,0
17/01/2024 03:00:00,Qua,8,43,6,120,57,8,25,28,28,3,19,27,0,2,15,3,34,9,43,0,0
17/01/2024 04:00:00,Qua,8,42,8,119,63,17,8,19,31,3,9,15,0,3,0,2,21,9,30,0,0
17/01/2024 05:00:00,Qua,19,31,16,122,54,8,10,28,21,3,6,15,0,12,15,2,21,9,30,0,0
17/01/2024 06:00:00,Qua,8,40,12,120,56,17,25,18,28,3,19,25,0,2,0,3,21,9,30,0,0
17/01/2024 07:00:00,Qua,13,32,22,119,64,8,10,29,37,3,9,16,0,2,15,2,35,9,44,0,0
17/01/2024 08:00:00,Qua,16,58,62,122,62,12,16,28,37,13,12,18,50,4,0,2,21,8,29,0,0
17/01/2024 09:00:00,Qua,21,66,60,121,81,22,33,54,37,3,25,35,0,3,15,3,20,3,23,0,0
17/01/2024 10:00:00,Qua,24,59,74,125,79,24,22,47,46,0,28,47,40,3,15,2,36,2,38,0,0
17/01/2024 11:00:00,Qua,24,48,76,124,86,15,41,58,62,0,18,53,0,13,0,2,19,2,21,0,0
17/01/2024 12:00:00,Qua,24,82,64,126,110,34,43,48,52,10,34,49,50,3,15,3,19,3,22,0,0
17/01/2024 13:00:00,Qua,26,51,74,126,104,39,26,58,62,1,31,43,0,4,0,2,18,2,20,0,0
17/01/2024 14:00:00,Qua,25,57,72,149,107,33,41,46,55,1,28,47,40,4,15,3,36,3,39,0,0
17/01/2024 15:00:00,Qua,33,49,62,125,95,34,28,65,55,0,21,52,0,4,0,2,19,2,21,0,0
17/01/2024 16:00:00,Qua,25,62,76,126,104,24,45,55,65,11,34,50,10,3,15,2,21,2,23,0,0
17/01/2024 17:00:00,Qua,24,76,64,125,88,32,28,60,52,2,31,53,40,14,0,3,21,3,24,0,0
17/01/2024 18:00:00,Qua,22,89,74,125,96,25,39,49,59,3,31,48,0,4,0,2,21,5,26,0,0
17/01/2024 19:00:00,Qua,18,65,62,121,74,14,20,53,40,3,15,37,0,4,0,2,23,9,32,0,0
17/01/2024 20:00:00,Qua,12,57,34,120,69,10,29,40,34,13,25,41,10,5,25,3,34,9,43,25,0
17/01/2024 21:00:00,Qua,10,31,12,121,78,20,14,36,31,2,19,29,0,13,25,2,48,9,57,25,13
17/01/2024 22:00:00,Qua,8,62,18,119,66,9,27,35,31,3,12,28,0,3,0,3,20,9,29,0,0
17/01/2024 23:00:00,Qua,8,53,6,120,65,18,10,35,31,2,9,38,50,3,0,2,21,9,30,0,0
18/01/2024 00:00:00,Qui,8,38,16,121,76,8,12,34,21,3,19,26,0,4,0,2,6,8,14,0,0
18/01/2024 01:00:00,Qui,8,47,8,120,65,17,25,34,31,2,9,26,0,3,40,3,61,10,71,25,0
18/01/2024 02:00:00,Qui,18,35,6,119,66,8,12,43,28,12,19,26,0,3,0,2,20,8,28,0,0
18/01/2024 03:00:00,Qui,8,42,18,121,72,17,25,35,28,3,9,36,0,3,0,2,6,9,15,0,18
18/01/2024 04:00:00,Qui,8,35,6,120,63,8,10,34,31,2,16,25,10,13,0,3,20,9,29,0,2
18/01/2024 05:00:00,Qui,8,31,6,119,62,7,10,35,18,3,9,25,0,3,0,2,22,9,31,0,0
18/01/2024 06:00:00,Qui,9,30,22,121,73,18,25,35,28,2,9,34,0,4,0,2,5,8,13,0,0
18/01/2024 07:00:00,Qui,13,43,22,119,65,8,10,46,34,2,16,28,0,3,0,3,36,10,46,0,0
18/01/2024 08:00:00,Qui,15,38,50,119,66,21,16,42,37,13,12,31,40,4,0,2,20,8,28,0,0
18/01/2024 09:00:00,Qui,18,86,68,122,95,12,33,55,37,2,22,47,10,3,0,3,20,3,23,0,0
18/01/2024 10:00:00,Qui,23,52,72,122,92,26,20,47,46,0,18,53,0,3,0,2,3,2,5,0,0
18/01/2024 11:00:00,Qui,23,32,62,123,104,26,39,55,62,0,28,57,40,13,0,2,20,2,22,0,0
18/01/2024 12:00:00,Qui,34,59,72,124,98,18,24,50,52,0,28,53,50,7,0,3,20,3,23,0,0
18/01/2024 13:00:00,Qui,24,58,64,147,110,26,39,57,62,11,21,51,0,7,0,2,19,2,21,0,0
18/01/2024 14:00:00,Qui,24,37,72,123,98,16,22,54,49,0,28,49,40,6,0,3,5,3,8,0,0
18/01/2024 15:00:00,Qui,26,71,70,123,107,27,39,60,65,0,31,52,0,16,0,2,21,2,23,0,0
18/01/2024 16:00:00,Qui,25,63,64,125,100,30,41,48,52,1,28,51,50,6,25,4,46,4,50,25,0
18/01/2024 17:00:00,Qui,23,52,72,123,98,20,26,59,62,3,21,56,0,5,50,2,71,2,73,50,0
18/01/2024 18:00:00,Qui,20,88,70,124,80,30,39,58,49,15,28,49,0,6,15,6,23,10,33,0,0
18/01/2024 19:00:00,Qui,17,47,50,124,81,18,22,42,53,4,15,43,10,6,15,5,41,11,52,0,6
18/01/2024 20:00:00,Qui,18,64,44,120,68,20,31,33,34,4,22,29,40,16,0,2,22,9,31,0,0
18/01/2024 21:00:00,Qui,8,47,10,121,73,9,12,31,24,3,19,39,0,5,15,3,21,9,30,0,0
18/01/2024 22:00:00,Qui,6,38,6,122,62,19,12,31,31,2,12,26,10,5,0,2,21,9,30,0,0
18/01/2024 23:00:00,Qui,8,46,18,119,63,7,27,22,31,3,9,26,0,5,15,3,37,9,46,0,0
19/01/2024 00:00:00,Sex,6,34,6,119,72,19,10,31,31,12,16,33,0,5,40,2,61,8,69,25,0
19/01/2024 01:00:00,Sex,8,38,6,121,63,8,25,31,21,2,9,18,0,5,0,2,6,9,15,0,0
19/01/2024 02:00:00,Sex,7,33,16,119,59,19,10,30,31,3,19,17,0,15,15,3,36,9,45,0,0
19/01/2024 03:00:00,Sex,7,46,8,119,60,8,10,31,28,2,6,28,10,5,0,2,20,9,29,0,0
19/01/2024 04:00:00,Sex,7,53,6,119,72,19,25,31,31,2,9,17,0,5,40,2,47,8,55,25,0
19/01/2024 05:00:00,Sex,8,32,16,118,60,8,10,31,18,3,19,17,0,5,25,3,45,10,55,25,0
19/01/2024 06:00:00,Sex,7,48,8,118,63,9,12,20,31,12,6,26,40,5,15,2,36,8,44,0,0
19/01/2024 07:00:00,Sex,12,33,12,120,59,17,23,29,34,2,9,17,0,5,15,3,37,10,47,0,0
19/01/2024 08:00:00,Sex,23,31,64,118,78,14,14,37,37,3,19,32,10,40,0,5,8,11,19,0,0
19/01/2024 09:00:00,Sex,15,75,66,121,74,23,18,55,40,2,15,39,0,41,15,8,35,8,43,0,0
19/01/2024 10:00:00,Sex,22,49,60,121,102,14,35,56,43,0,25,41,40,44,0,7,36,7,43,0,0
19/01/2024 11:00:00,Sex,24,47,68,147,91,25,24,42,59,0,28,39,10,38,15,4,22,4,26,0,0
19/01/2024 12:00:00,Sex,24,66,60,123,111,27,39,44,52,10,31,36,40,34,0,2,20,2,22,0,0
19/01/2024 13:00:00,Sex,23,55,72,123,97,17,24,43,52,0,18,29,0,29,15,3,35,3,38,0,0
19/01/2024 14:00:00,Sex,23,34,70,122,94,33,37,34,62,0,28,30,40,29,0,2,19,2,21,0,0
19/01/2024 15:00:00,Sex,21,57,56,125,104,30,24,48,52,0,28,28,10,40,15,3,20,3,23,0,0
19/01/2024 16:00:00,Sex,19,70,68,127,95,16,37,48,65,0,21,34,0,31,15,2,34,2,36,0,0
19/01/2024 17:00:00,Sex,30,48,70,127,98,31,39,56,52,11,28,28,40,21,0,2,21,2,23,0,0
19/01/2024 18:00:00,Sex,16,74,56,124,77,15,20,57,49,3,28,49,10,9,15,3,36,5,41,0,0
19/01/2024 19:00:00,Sex,14,46,54,123,81,22,35,42,53,2,15,35,0,9,25,2,34,9,43,25,0
19/01/2024 20:00:00,Sex,8,48,32,121,68,11,14,34,34,3,19,38,0,19,40,3,66,9,75,25,0
19/01/2024 21:00:00,Sex,5,53,20,121,73,22,12,30,37,3,12,20,10,6,0,2,23,9,32,0,0
19/01/2024 22:00:00,Sex,6,34,6,119,62,10,27,29,31,2,9,27,40,3,15,2,40,8,48,0,0
19/01/2024 23:00:00,Sex,6,31,6,118,63,20,10,17,21,2,19,17,0,3,40,3,47,10,57,25,0
20/01/2024 00:00:00,Sab,5,51,16,120,59,10,12,29,31,12,9,17,0,3,0,2,22,8,30,0,0
20/01/2024 01:00:00,Sab,6,18,6,118,73,20,25,28,31,3,19,25,10,2,15,3,34,10,44,0,0
20/01/2024 02:00:00,Sab,5,38,6,118,59,10,10,28,28,2,9,16,0,3,0,2,5,8,13,0,0
20/01/2024 03:00:00,Sab,5,26,16,118,63,19,12,30,21,3,9,25,0,12,15,2,34,9,43,0,0
20/01/2024 04:00:00,Sab,6,37,6,119,70,8,25,29,31,2,19,13,0,3,0,3,21,9,30,0,0
20/01/2024 05:00:00,Sab,16,16,6,119,59,8,10,30,28,3,6,13,0,2,40,2,45,9,54,25,0
20/01/2024 06:00:00,Sab,6,27,18,118,63,19,12,30,21,2,9,23,10,2,15,3,34,9,43,0,0
20/01/2024 07:00:00,Sab,7,47,8,119,59,9,25,28,28,13,19,13,0,3,0,2,35,9,44,0,0
20/01/2024 08:00:00,Sab,6,19,6,118,73,19,12,19,28,2,6,13,40,2,15,2,34,7,41,0,0
20/01/2024 09:00:00,Sab,6,32,16,119,59,9,10,29,28,1,19,22,0,2,0,3,2,3,5,0,0
20/01/2024 10:00:00,Sab,6,21,6,118,63,20,10,22,31,0,9,9,0,3,15,2,31,2,33,0,0
20/01/2024 11:00:00,Sab,5,31,8,119,59,9,27,15,18,0,9,6,10,12,0,3,17,3,20,0,0
20/01/2024 12:00:00,Sab,5,19,18,118,70,9,10,13,31,0,19,17,0,3,40,2,42,2,44,25,0
20/01/2024 13:00:00,Sab,5,30,6,120,62,19,12,12,31,0,9,7,0,2,15,2,32,2,34,0,0
20/01/2024 14:00:00,Sab,6,20,8,119,63,9,27,11,31,0,9,14,0,8,0,3,16,3,19,0,0
20/01/2024 15:00:00,Sab,5,12,16,144,65,19,12,13,31,10,16,4,0,9,15,2,32,2,34,0,0
20/01/2024 16:00:00,Sab,5,40,8,119,70,9,14,19,31,0,9,11,0,9,0,3,1,3,4,0,0
20/01/2024 17:00:00,Sab,4,23,6,118,62,19,29,16,31,1,9,25,10,7,40,2,57,2,59,25,0
20/01/2024 18:00:00,Sab,14,33,16,120,60,9,14,30,24,2,22,16,0,8,25,2,43,5,48,25,0
20/01/2024 19:00:00,Sab,6,34,8,116,62,9,14,29,34,3,9,27,40,16,65,3,70,9,79,50,0
20/01/2024 20:00:00,Sab,5,43,16,119,73,20,29,29,31,3,9,20,0,3,0,2,20,9,29,0,0
20/01/2024 21:00:00,Sab,6,30,6,119,62,8,10,29,34,3,19,15,10,2,15,3,36,9,45,0,0
20/01/2024 22:00:00,Sab,6,42,6,116,63,19,12,29,31,3,9,24,0,3,15,2,34,9,43,0,0
20/01/2024 23:00:00,Sab,6,41,16,120,69,8,27,19,21,13,9,15,0,2,0,2,5,8,13,0,0
21/01/2024 00:00:00,Dom,6,42,6,118,63,19,10,29,31,2,19,14,0,3,15,3,34,10,44,0,0
21/01/2024 01:00:00,Dom,7,42,6,118,59,8,12,29,28,3,9,25,0,12,0,2,21,8,29,0,0
21/01/2024 02:00:00,Dom,6,19,16,118,63,9,25,28,21,3,6,14,10,2,40,3,44,10,54,25,0
21/01/2024 03:00:00,Dom,7,40,6,118,70,19,12,20,28,2,19,24,0,2,0,2,19,8,27,0,0
21/01/2024 04:00:00,Dom,7,27,6,119,59,9,10,30,28,3,9,14,0,3,15,3,35,10,45,0,0
21/01/2024 05:00:00,Dom,7,36,16,119,60,18,27,29,31,3,9,13,0,2,15,2,21,8,29,0,0
21/01/2024 06:00:00,Dom,17,19,6,118,69,9,10,29,18,12,19,23,0,2,0,2,20,9,29,0,0
21/01/2024 07:00:00,Dom,6,25,6,118,63,18,12,19,31,3,6,13,40,2,15,3,34,9,43,0,0
21/01/2024 08:00:00,Dom,7,48,16,117,59,9,10,29,28,3,19,13,10,3,0,2,20,8,28,0,0
21/01/2024 09:00:00,Dom,6,23,6,117,70,19,27,29,25,1,9,22,0,2,15,3,16,3,19,0,0
21/01/2024 10:00:00,Dom,5,9,4,117,62,9,10,25,21,0,9,12,0,3,0,2,17,2,19,0,0
21/01/2024 11:00:00,Dom,6,41,16,117,60,9,12,27,28,0,19,11,0,12,15,2,31,2,33,0,0
21/01/2024 12:00:00,Dom,6,19,4,118,62,20,27,15,28,0,9,17,0,3,0,3,2,3,5,0,0
21/01/2024 13:00:00,Dom,6,21,6,117,70,11,10,4,31,0,9,3,0,2,15,2,31,2,33,0,0
21/01/2024 14:00:00,Dom,6,22,14,119,62,18,12,20,31,10,19,8,0,3,15,3,33,3,36,0,0
21/01/2024 15:00:00,Dom,6,30,6,118,60,10,27,23,31,0,9,20,10,2,0,2,1,2,3,0,0
21/01/2024 16:00:00,Dom,6,34,14,119,62,11,14,24,21,0,9,11,0,3,15,3,32,3,35,0,0
21/01/2024 17:00:00,Dom,15,32,6,118,70,20,29,27,34,1,19,26,0,2,25,2,41,2,43,25,0
21/01/2024 18:00:00,Dom,6,22,6,119,62,9,12,29,34,2,9,22,0,13,15,2,34,4,38,0,0
21/01/2024 19:00:00,Dom,6,44,16,119,63,20,14,29,34,3,12,18,40,3,25,3,29,10,39,25,0
21/01/2024 20:00:00,Dom,6,31,6,119,69,9,27,28,34,3,19,30,10,2,15,2,35,8,43,0,0
21/01/2024 21:00:00,Dom,5,42,6,117,63,9,14,27,31,3,9,18,0,3,15,3,35,10,45,0,0
21/01/2024 22:00:00,Dom,6,42,16,120,62,19,12,29,24,2,19,19,0,2,0,2,20,8,28,0,0
21/01/2024 23:00:00,Dom,7,32,6,118,73,8,25,17,34,13,6,27,0,3,15,3,35,10,45,0,0
22/01/2024 00:00:00,Seg,6,30,6,117,63,20,12,29,34,2,9,18,10,12,0,2,19,8,27,0,0
22/01/2024 01:00:00,Seg,6,44,16,120,59,9,10,29,31,3,19,26,0,3,15,3,36,10,46,0,0
22/01/2024 02:00:00,Seg,6,22,6,119,60,18,25,27,21,2,9,15,0,2,0,2,4,8,12,0,0
22/01/2024 03:00:00,Seg,6,51,6,120,72,9,10,28,31,2,19,15,0,3,15,2,35,9,44,0,0
22/01/2024 04:00:00,Seg,7,32,16,119,63,18,12,28,28,3,9,15,0,4,0,3,19,9,28,0,0
22/01/2024 05:00:00,Seg,16,20,6,119,59,10,25,27,31,12,9,24,10,4,15,2,20,9,29,0,0
22/01/2024 06:00:00,Seg,7,51,12,118,73,19,10,29,21,2,16,15,0,4,15,3,35,9,44,0,0
22/01/2024 07:00:00,Seg,10,41,32,119,62,8,10,27,37,2,9,17,40,6,0,2,21,9,30,0,0
22/01/2024 08:00:00,Seg,13,47,48,120,66,12,31,34,37,3,22,31,0,17,15,3,19,9,28,0,0
22/01/2024 09:00:00,Seg,19,56,66,121,92,26,18,40,43,2,15,42,0,6,0,2,19,3,22,0,0
22/01/2024 10:00:00,Seg,24,59,60,124,85,18,39,59,59,1,31,49,50,5,15,4,34,4,38,0,0
22/01/2024 11:00:00,Seg,24,49,72,150,111,31,41,54,58,12,31,51,0,6,25,7,43,7,50,25,0
22/01/2024 12:00:00,Seg,27,56,70,124,97,35,32,67,68,0,34,53,40,5,15,6,18,6,24,0,0
22/01/2024 13:00:00,Seg,26,77,60,128,105,37,43,67,55,0,21,50,0,16,15,3,32,3,35,0,0
22/01/2024 14:00:00,Seg,40,46,70,128,94,38,45,54,68,11,31,44,50,6,0,2,18,2,20,0,0
22/01/2024 15:00:00,Seg,30,53,60,130,110,36,32,69,61,3,34,51,0,6,15,3,34,3,37,0,0
22/01/2024 16:00:00,Seg,29,60,72,129,109,26,47,60,71,2,31,52,0,5,0,2,3,2,5,0,0
22/01/2024 17:00:00,Seg,24,72,70,129,113,35,34,68,61,3,34,56,50,6,15,2,33,2,35,0,0
22/01/2024 18:00:00,Seg,21,73,62,128,92,27,49,63,65,14,21,53,0,16,0,3,20,7,27,0,0
22/01/2024 19:00:00,Seg,16,80,58,125,87,26,26,44,46,3,25,51,0,5,15,2,37,8,45,0,0
22/01/2024 20:00:00,Seg,10,45,32,123,75,12,35,48,40,4,25,24,10,6,0,3,5,10,15,0,0
22/01/2024 21:00:00,Seg,8,58,12,122,78,10,16,34,34,2,15,20,0,4,40,2,62,8,70,25,0
22/01/2024 22:00:00,Seg,8,34,16,122,72,20,29,34,31,13,19,39,0,5,15,3,35,10,45,0,0
22/01/2024 23:00:00,Seg,7,44,6,121,71,9,10,34,31,2,12,21,40,15,0,2,6,8,14,0,0
23/01/2024 00:00:00,Ter,8,39,6,122,79,19,12,34,24,3,6,15,10,5,15,2,37,9,46,0,0
23/01/2024 01:00:00,Ter,16,33,18,122,71,9,27,33,31,2,19,25,0,4,0,3,21,9,30,0,0
23/01/2024 02:00:00,Ter,6,50,6,120,69,19,12,42,31,2,9,13,0,5,15,2,36,8,44,0,0
23/01/2024 03:00:00,Ter,7,43,6,122,75,9,10,32,31,3,19,13,0,5,0,3,6,10,16,0,0
23/01/2024 04:00:00,Ter,7,20,16,121,69,18,27,34,21,2,6,14,0,4,15,2,36,8,44,0,0
23/01/2024 05:00:00,Ter,8,41,6,122,65,9,12,34,31,12,9,24,0,5,0,3,21,10,31,0,0
23/01/2024 06:00:00,Ter,7,42,12,120,69,19,10,34,31,3,16,13,10,15,15,2,20,8,28,0,0
23/01/2024 07:00:00,Ter,14,32,32,121,78,9,27,33,37,2,9,15,0,4,15,2,35,9,44,0,0
23/01/2024 08:00:00,Ter,16,67,50,121,71,13,16,36,27,3,12,32,40,6,0,3,21,9,30,0,0
23/01/2024 09:00:00,Ter,21,40,66,124,102,24,35,40,53,1,25,31,0,5,15,2,32,2,34,0,0
23/01/2024 10:00:00,Ter,23,62,70,149,95,26,26,53,49,0,31,46,50,6,0,3,17,3,20,0,0
23/01/2024 11:00:00,Ter,34,63,60,123,110,29,39,41,62,10,21,43,0,5,15,2,34,2,36,0,0
23/01/2024 12:00:00,Ter,23,34,68,124,98,23,24,43,55,0,31,50,0,5,0,2,19,2,21,0,0
23/01/2024 13:00:00,Ter,23,64,60,124,100,37,41,44,65,11,18,51,40,16,15,3,18,3,21,0,0
23/01/2024 14:00:00,Ter,22,45,68,126,107,35,28,51,55,1,31,46,10,6,0,2,19,2,21,0,0
23/01/2024 15:00:00,Ter,22,53,58,125,100,37,41,43,68,0,31,51,40,5,15,3,33,3,36,0,0
23/01/2024 16:00:00,Ter,22,43,72,127,114,40,28,40,58,1,21,52,0,5,15,2,33,2,35,0,0
23/01/2024 17:00:00,Ter,20,69,70,126,103,25,39,55,71,13,31,55,40,6,0,3,3,3,6,0,0
23/01/2024 18:00:00,Ter,19,64,60,124,99,34,39,45,49,4,28,52,10,5,0,2,19,4,23,0,0
23/01/2024 19:00:00,Ter,17,57,60,122,80,28,22,52,43,4,15,32,0,16,0,3,21,9,30,0,4
23/01/2024 20:00:00,Ter,10,55,34,122,82,12,18,25,37,5,25,30,0,6,0,2,20,9,29,0,4
23/01/2024 21:00:00,Ter,7,50,20,121,68,18,29,30,37,4,12,43,10,5,0,3,7,9,16,0,3
23/01/2024 22:00:00,Ter,17,42,6,121,69,8,12,30,34,13,22,27,0,5,0,2,20,9,29,0,1
23/01/2024 23:00:00,Ter,7,63,16,120,75,18,12,29,31,4,9,24,0,5,0,2,21,8,29,0,0
24/01/2024 00:00:00,Qua,6,43,6,120,68,9,27,29,31,3,19,34,40,5,25,3,30,10,40,25,0
24/01/2024 01:00:00,Qua,6,40,8,122,66,18,10,20,21,3,9,23,10,14,25,2,45,8,53,25,6
24/01/2024 02:00:00,Qua,6,71,16,120,78,8,12,29,31,3,19,22,0,5,0,3,22,10,32,0,0
24/01/2024 03:00:00,Qua,6,37,6,121,66,17,25,29,28,4,9,31,0,5,0,2,20,8,28,0,0
24/01/2024 04:00:00,Qua,7,25,6,121,66,8,10,29,31,13,9,20,0,4,0,3,5,10,15,0,0
24/01/2024 05:00:00,Qua,8,54,6,120,68,19,10,29,21,3,19,19,0,5,0,2,20,8,28,0,0
24/01/2024 06:00:00,Qua,6,36,22,119,76,8,27,18,28,3,9,18,0,5,0,2,21,9,30,0,0
24/01/2024 07:00:00,Qua,12,47,20,120,65,18,10,30,37,3,16,19,10,4,15,3,21,9,30,0,0
24/01/2024 08:00:00,Qua,18,52,60,120,71,12,14,32,37,4,12,31,0,6,0,2,21,7,28,0,0
24/01/2024 09:00:00,Qua,32,68,54,124,90,23,33,33,40,1,12,41,40,15,0,3,18,3,21,0,0
24/01/2024 10:00:00,Qua,26,45,70,154,101,14,20,41,49,10,31,65,0,6,0,2,20,2,22,0,0
24/01/2024 11:00:00,Qua,25,67,72,126,100,28,39,49,62,0,28,44,50,6,0,2,6,2,8,0,0
24/01/2024 12:00:00,Qua,24,49,62,129,119,36,24,46,52,0,21,50,0,6,0,3,21,3,24,0,1
24/01/2024 13:00:00,Qua,24,61,68,129,97,34,39,35,62,0,31,44,0,5,0,2,18,2,20,0,16
24/01/2024 14:00:00,Qua,21,41,62,128,89,30,18,41,46,10,25,44,40,7,0,3,19,3,22,0,0
24/01/2024 15:00:00,Qua,21,54,54,131,101,30,35,36,59,0,18,40,10,5,0,2,4,2,6,0,0
24/01/2024 16:00:00,Qua,22,67,64,130,94,30,20,53,49,1,28,26,40,16,0,3,18,3,21,0,0
24/01/2024 17:00:00,Qua,21,57,66,126,99,19,35,57,59,13,28,23,0,6,0,2,17,2,19,0,0
24/01/2024 18:00:00,Qua,19,63,58,124,85,30,24,50,49,5,28,34,0,6,0,3,20,5,25,0,0
24/01/2024 19:00:00,Qua,17,91,60,122,84,19,35,53,43,5,15,23,50,5,0,2,6,8,14,0,0
24/01/2024 20:00:00,Qua,12,46,32,123,66,28,14,23,47,5,25,27,0,6,0,2,21,9,30,0,0
24/01/2024 21:00:00,Qua,18,49,20,121,62,16,12,29,24,5,9,15,0,15,0,3,21,9,30,0,0
24/01/2024 22:00:00,Qua,7,45,6,123,73,27,27,30,34,14,22,21,10,5,0,2,21,9,30,0,0
24/01/2024 23:00:00,Qua,7,29,8,121,62,15,10,30,34,4,9,27,0,4,0,3,7,9,16,0,0
25/01/2024 00:00:00,Qui,7,46,16,120,60,25,10,18,34,3,19,14,0,5,0,2,21,9,30,0,0
25/01/2024 01:00:00,Qui,6,41,6,121,72,15,25,30,31,3,9,14,0,5,0,3,21,9,30,0,0
25/01/2024 02:00:00,Qui,6,43,6,120,63,25,10,29,18,4,19,23,0,4,0,2,21,8,29,0,0
25/01/2024 03:00:00,Qui,5,43,18,121,59,13,10,29,31,3,9,12,50,5,0,2,7,9,16,0,0
25/01/2024 04:00:00,Qui,6,41,6,121,70,15,25,30,31,13,19,14,0,14,0,3,21,9,30,0,0
25/01/2024 05:00:00,Qui,7,41,6,121,62,25,10,20,31,4,9,23,0,5,0,2,21,9,30,0,0
25/01/2024 06:00:00,Qui,7,40,20,121,63,14,10,30,18,3,6,13,0,5,0,3,6,9,15,0,0
25/01/2024 07:00:00,Qui,21,43,22,119,69,25,25,30,37,3,19,15,0,4,0,2,22,9,31,0,0
25/01/2024 08:00:00,Qui,12,37,48,121,66,17,16,33,37,4,12,30,10,6,0,3,20,9,29,0,0
25/01/2024 09:00:00,Qui,21,38,62,122,76,24,18,34,40,2,25,25,40,5,0,2,18,2,20,0,0
25/01/2024 10:00:00,Qui,23,72,70,148,93,28,35,38,49,10,18,41,0,6,0,2,4,2,6,0,0
25/01/2024 11:00:00,Qui,23,56,62,125,88,23,26,38,62,0,28,36,40,15,0,3,22,3,25,0,0
25/01/2024 12:00:00,Qui,23,36,68,124,94,36,39,34,55,0,28,39,10,5,0,2,19,2,21,0,0
25/01/2024 13:00:00,Qui,20,67,60,125,102,34,39,41,62,0,28,41,40,6,0,3,3,3,6,0,0
25/01/2024 14:00:00,Qui,20,59,68,126,88,34,22,32,62,0,21,43,0,6,0,2,20,2,22,0,0
25/01/2024 15:00:00,Qui,20,35,58,126,98,31,39,36,58,10,28,34,50,5,0,3,19,3,22,0,0
25/01/2024 16:00:00,Qui,21,79,70,127,94,33,26,44,68,0,31,54,0,6,0,2,19,2,21,0,0
25/01/2024 17:00:00,Qui,20,56,70,127,96,18,41,54,55,1,18,53,40,15,0,3,3,3,6,0,0
25/01/2024 18:00:00,Qui,30,45,60,125,86,25,22,45,62,4,31,49,0,6,0,2,19,4,23,0,0
25/01/2024 19:00:00,Qui,17,77,58,124,87,15,20,47,46,3,25,39,10,5,0,2,21,9,30,0,0
25/01/2024 20:00:00,Qui,10,38,32,122,69,20,29,36,40,12,12,20,0,6,0,3,21,9,30,0,0
25/01/2024 21:00:00,Qui,7,46,22,120,65,8,12,31,31,3,22,34,0,5,0,2,6,8,14,0,0
25/01/2024 22:00:00,Qui,6,35,8,120,75,18,27,32,34,2,12,22,10,15,0,3,22,10,32,0,0
25/01/2024 23:00:00,Qui,6,53,6,120,63,8,10,22,31,3,19,22,40,5,25,2,45,8,53,25,6
26/01/2024 00:00:00,Sex,7,35,18,118,65,17,10,31,21,2,9,28,0,5,25,2,48,9,57,25,5
26/01/2024 01:00:00,Sex,5,44,8,119,76,8,25,31,31,2,19,17,0,4,25,3,30,9,39,25,0
26/01/2024 02:00:00,Sex,6,53,8,119,62,18,10,31,31,13,6,17,0,5,0,2,21,9,30,0,0
26/01/2024 03:00:00,Sex,6,32,16,119,66,8,10,21,31,2,9,26,10,5,0,3,21,9,30,0,0
26/01/2024 04:00:00,Sex,6,33,8,118,63,18,25,31,18,2,19,17,0,5,0,2,5,9,14,0,0
26/01/2024 05:00:00,Sex,7,40,6,119,72,8,10,31,31,3,9,17,0,14,0,3,22,9,31,0,0
26/01/2024 06:00:00,Sex,17,32,22,116,63,8,10,31,28,2,16,25,0,5,0,2,19,9,28,0,0
26/01/2024 07:00:00,Sex,12,50,22,119,62,18,10,22,37,2,9,18,0,5,0,2,20,8,28,0,0
26/01/2024 08:00:00,Sex,13,48,58,118,78,13,29,35,37,13,12,22,50,5,0,3,5,9,14,0,0
26/01/2024 09:00:00,Sex,21,53,52,120,74,23,18,35,40,1,25,35,0,6,0,2,32,2,34,0,0
26/01/2024 10:00:00,Sex,21,41,72,148,98,13,37,37,49,0,28,38,40,5,0,3,18,3,21,0,0
26/01/2024 11:00:00,Sex,22,42,62,129,83,24,22,47,62,0,21,37,10,16,0,2,2,2,4,0,0
26/01/2024 12:00:00,Sex,21,65,72,128,101,26,39,31,58,0,31,29,40,6,0,2,18,2,20,0,0
26/01/2024 13:00:00,Sex,19,70,68,126,88,14,22,24,62,0,31,23,0,5,0,3,18,3,21,0,0
26/01/2024 14:00:00,Sex,19,47,58,129,85,21,37,32,49,10,18,13,40,6,0,2,19,2,21,0,0
26/01/2024 15:00:00,Sex,30,62,64,124,96,12,18,23,56,0,28,20,10,6,0,3,3,3,6,0,0
26/01/2024 16:00:00,Sex,21,38,62,126,95,21,37,30,46,0,28,28,40,6,0,2,19,2,21,0,0
26/01/2024 17:00:00,Sex,20,49,52,124,85,21,20,46,59,1,15,34,0,15,0,2,19,2,21,0,0
26/01/2024 18:00:00,Sex,15,70,60,124,77,12,33,38,43,3,28,29,10,6,0,3,19,5,24,0,4
26/01/2024 19:00:00,Sex,16,49,44,122,84,21,16,37,46,3,22,25,0,6,0,2,5,8,13,0,2
26/01/2024 20:00:00,Sex,8,47,42,122,69,10,12,30,40,12,12,14,0,5,25,2,44,9,53,25,0
26/01/2024 21:00:00,Sex,7,50,12,122,72,19,27,27,37,3,19,11,40,5,0,3,20,9,29,0,2
26/01/2024 22:00:00,Sex,6,41,16,122,66,9,10,27,34,2,9,12,10,15,0,2,19,9,28,0,11
26/01/2024 23:00:00,Sex,6,31,8,121,62,9,10,27,34,2,19,21,0,5,50,3,56,9,65,50,12
27/01/2024 00:00:00,Sab,5,40,6,121,73,18,23,18,37,2,9,11,0,5,25,2,44,9,53,25,1
27/01/2024 01:00:00,Sab,6,29,18,120,60,7,10,28,34,2,9,10,0,5,0,2,20,8,28,0,0
27/01/2024 02:00:00,Sab,15,38,6,120,62,18,10,28,21,3,16,21,0,4,15,3,20,10,30,0,0
27/01/2024 03:00:00,Sab,6,46,8,120,60,8,10,29,34,12,9,10,10,5,0,2,19,8,27,0,0
27/01/2024 04:00:00,Sab,5,26,16,120,69,18,25,18,31,2,19,9,0,5,0,2,21,9,30,0,0
27/01/2024 05:00:00,Sab,6,26,8,120,63,8,10,28,31,2,6,10,0,5,0,3,19,9,28,0,0
27/01/2024 06:00:00,Sab,6,35,8,120,59,18,10,28,24,3,9,19,0,15,0,2,5,9,14,0,0
27/01/2024 07:00:00,Sab,6,46,18,119,70,8,10,28,31,2,16,10,40,4,0,3,19,9,28,0,0
27/01/2024 08:00:00,Sab,6,20,8,119,62,8,25,18,28,2,9,9,0,5,0,2,20,8,28,0,0
27/01/2024 09:00:00,Sab,4,43,6,119,60,17,8,27,31,1,19,9,10,5,0,2,17,2,19,0,0
27/01/2024 10:00:00,Sab,4,32,18,119,59,10,12,24,31,10,6,17,0,5,0,3,2,3,5,0,0
27/01/2024 11:00:00,Sab,3,15,6,119,73,18,25,18,31,0,9,11,0,5,0,2,16,2,18,0,0
27/01/2024 12:00:00,Sab,5,42,8,120,59,8,10,17,24,0,19,5,0,5,0,2,17,2,19,0,0
27/01/2024 13:00:00,Sab,14,13,16,120,63,8,10,6,31,0,6,14,0,5,0,3,1,3,4,0,5
27/01/2024 14:00:00,Sab,4,22,8,121,59,19,10,15,34,0,9,4,10,5,0,2,17,2,19,0,0
27/01/2024 15:00:00,Sab,4,43,8,121,73,8,25,16,34,0,19,3,0,15,0,3,16,3,19,0,0
27/01/2024 16:00:00,Sab,3,23,16,121,59,8,10,18,34,0,9,6,0,5,25,2,42,2,44,25,0
27/01/2024 17:00:00,Sab,4,25,8,120,60,19,10,26,37,0,16,19,0,5,25,2,26,2,28,25,0
27/01/2024 18:00:00,Sab,4,45,16,120,62,8,10,30,34,2,9,11,40,5,0,3,18,4,22,0,0
27/01/2024 19:00:00,Sab,5,44,8,119,70,18,27,31,34,12,9,12,10,5,25,2,45,9,54,25,0
27/01/2024 20:00:00,Sab,5,29,6,120,59,8,10,20,34,3,19,21,0,5,0,2,21,8,29,0,0
27/01/2024 21:00:00,Sab,5,40,18,120,60,8,10,30,37,2,9,12,0,5,0,3,4,10,14,0,0
27/01/2024 22:00:00,Sab,6,30,6,145,70,18,10,30,24,2,9,13,0,14,0,2,19,8,27,0,0
27/01/2024 23:00:00,Sab,5,41,8,118,59,8,25,29,34,3,19,21,10,5,0,3,21,10,31,0,0
28/01/2024 00:00:00,Dom,5,28,16,120,57,18,10,29,31,2,9,12,0,5,25,2,29,8,37,25,0
28/01/2024 01:00:00,Dom,6,40,8,118,69,8,10,19,34,2,16,14,0,4,0,2,20,9,29,0,0
28/01/2024 02:00:00,Dom,5,38,6,118,60,17,10,29,24,12,9,22,0,5,0,3,19,9,28,0,0
28/01/2024 03:00:00,Dom,16,39,18,118,56,8,25,28,31,2,9,11,0,5,0,2,20,9,29,0,0
28/01/2024 04:00:00,Dom,6,27,6,117,60,17,10,29,31,3,19,9,50,4,0,2,5,8,13,0,0
28/01/2024 05:00:00,Dom,5,40,8,117,66,8,10,30,34,2,9,10,0,5,0,3,20,10,30,0,0
28/01/2024 06:00:00,Dom,6,26,16,118,60,8,25,20,21,2,16,19,0,15,0,2,19,8,27,0,0
28/01/2024 07:00:00,Dom,6,16,8,117,59,18,10,30,31,2,9,12,0,4,0,3,5,10,15,0,0
28/01/2024 08:00:00,Dom,5,49,6,117,70,8,10,31,31,2,9,11,0,5,0,2,19,7,26,0,0
28/01/2024 09:00:00,Dom,4,23,16,117,56,18,8,29,31,1,19,11,0,5,0,2,32,2,34,0,0
28/01/2024 10:00:00,Dom,4,21,6,115,60,8,25,18,31,10,6,19,10,5,0,3,16,3,19,0,0
28/01/2024 11:00:00,Dom,4,49,4,119,60,8,10,22,21,0,9,7,0,4,0,2,2,2,4,0,0
28/01/2024 12:00:00,Dom,4,23,16,119,69,19,10,19,34,0,19,4,0,5,25,2,42,2,44,25,23
28/01/2024 13:00:00,Dom,5,30,6,120,60,8,12,16,31,0,9,13,0,5,0,3,16,3,19,0,3
28/01/2024 14:00:00,Dom,14,19,6,121,62,19,25,4,34,0,9,2,0,5,25,2,27,2,29,25,0
28/01/2024 15:00:00,Dom,3,11,14,122,60,10,10,19,34,0,19,5,40,15,0,3,16,3,19,0,9
28/01/2024 16:00:00,Dom,4,21,6,119,72,9,10,23,31,0,9,17,10,4,0,2,17,2,19,0,11
28/01/2024 17:00:00,Dom,4,42,6,121,60,19,12,26,34,0,19,12,0,5,0,2,16,2,18,0,11
28/01/2024 18:00:00,Dom,4,25,16,122,62,9,25,29,34,12,9,12,0,5,0,3,4,5,9,0,19
28/01/2024 19:00:00,Dom,5,41,8,119,63,20,12,20,34,3,9,23,0,5,25,2,44,8,52,25,0
28/01/2024 20:00:00,Dom,5,49,6,122,69,8,12,31,21,2,19,13,10,5,0,2,20,9,29,0,0
28/01/2024 21:00:00,Dom,5,21,18,119,60,8,10,30,34,2,9,13,0,15,0,3,19,9,28,0,0
28/01/2024 22:00:00,Dom,5,52,6,121,59,18,25,31,31,3,9,23,0,5,0,2,5,9,14,0,0
28/01/2024 23:00:00,Dom,5,32,6,121,70,7,10,19,31,2,19,12,0,4,0,2,20,8,28,0,0
29/01/2024 00:00:00,Seg,5,31,18,119,56,18,10,29,24,2,9,11,0,5,0,3,20,10,30,0,0
29/01/2024 01:00:00,Seg,5,41,6,121,60,8,25,30,28,2,16,21,50,5,0,2,4,8,12,0,0
29/01/2024 02:00:00,Seg,15,44,8,119,66,18,10,31,31,12,9,11,0,4,0,3,20,10,30,0,0
29/01/2024 03:00:00,Seg,5,39,16,121,60,6,10,30,31,2,9,9,0,3,0,2,21,8,29,0,0
29/01/2024 04:00:00,Seg,6,40,8,120,59,8,25,20,31,2,19,10,0,3,0,2,20,9,29,0,0
29/01/2024 05:00:00,Seg,5,27,6,120,57,18,8,30,21,2,6,20,0,13,25,3,29,9,38,25,0
29/01/2024 06:00:00,Seg,6,38,20,119,69,8,10,31,28,2,19,9,10,3,0,2,20,9,29,0,0
29/01/2024 07:00:00,Seg,10,20,22,118,60,18,10,29,37,2,9,12,0,3,0,2,19,8,27,0,0
29/01/2024 08:00:00,Seg,12,61,58,120,65,11,29,35,37,13,9,23,0,4,0,3,5,8,13,0,0
29/01/2024 09:00:00,Seg,14,68,50,118,93,21,16,38,43,0,28,19,40,5,0,2,18,2,20,0,0
29/01/2024 10:00:00,Seg,18,66,70,124,97,15,37,39,59,0,28,35,10,3,0,3,19,3,22,0,0
29/01/2024 11:00:00,Seg,20,33,72,126,113,27,22,36,52,0,21,36,40,3,0,2,36,2,38,0,15
29/01/2024 12:00:00,Seg,20,50,56,126,100,22,41,37,68,0,31,38,0,4,0,2,6,2,8,0,0
29/01/2024 13:00:00,Seg,18,50,70,126,114,33,22,38,52,0,28,35,40,13,0,3,17,3,20,0,0
29/01/2024 14:00:00,Seg,27,44,52,125,94,20,35,26,56,10,18,36,10,4,0,2,20,2,22,0,0
29/01/2024 15:00:00,Seg,16,45,62,150,104,31,18,31,49,0,28,41,40,3,0,2,20,2,22,0,0
29/01/2024 16:00:00,Seg,18,38,62,124,94,33,37,37,65,0,25,45,0,4,0,3,3,3,6,0,0
29/01/2024 17:00:00,Seg,18,47,52,125,111,18,22,50,49,1,28,50,40,3,0,2,18,2,20,0,0
29/01/2024 18:00:00,Seg,17,69,62,123,88,29,33,44,56,2,18,51,10,4,0,3,19,4,23,0,0
29/01/2024 19:00:00,Seg,15,37,56,122,85,28,20,39,43,4,22,34,0,15,0,2,21,9,30,0,0
29/01/2024 20:00:00,Seg,7,48,34,120,68,17,33,33,37,13,22,38,0,5,0,2,5,8,13,0,0
29/01/2024 21:00:00,Seg,6,48,12,121,68,24,12,19,37,3,15,25,10,6,25,3,45,10,55,25,0
29/01/2024 22:00:00,Seg,6,47,18,120,76,14,12,31,34,2,12,25,0,5,15,2,35,8,43,0,0
29/01/2024 23:00:00,Seg,7,36,10,121,68,25,25,29,34,2,22,33,0,5,0,2,20,9,29,0,0
30/01/2024 00:00:00,Ter,6,48,8,121,66,14,12,29,24,3,9,23,40,15,0,3,6,9,15,0,0
30/01/2024 01:00:00,Ter,15,20,18,120,65,25,10,20,34,2,19,22,10,5,0,2,20,9,29,0,0
30/01/2024 02:00:00,Ter,6,45,8,120,76,15,27,29,34,12,9,32,0,5,0,3,19,9,28,0,1
30/01/2024 03:00:00,Ter,5,41,10,118,63,23,10,29,31,2,19,22,0,3,0,2,5,9,14,0,12
30/01/2024 04:00:00,Ter,6,19,18,119,65,15,10,31,31,2,9,21,0,3,0,2,21,8,29,0,0
30/01/2024 05:00:00,Ter,6,39,8,120,76,25,25,20,24,3,6,21,0,3,0,3,19,10,29,0,0
30/01/2024 06:00:00,Ter,6,40,10,118,62,13,10,30,31,2,19,22,10,3,0,2,21,8,29,0,0
30/01/2024 07:00:00,Ter,10,51,26,119,66,25,10,29,37,2,9,32,0,3,0,3,4,10,14,0,0
30/01/2024 08:00:00,Ter,15,36,50,120,81,19,29,35,37,2,22,24,40,16,0,2,21,6,27,0,0
30/01/2024 09:00:00,Ter,19,56,64,121,82,19,18,41,43,11,15,46,0,7,0,2,18,2,20,0,0
30/01/2024 10:00:00,Ter,21,29,68,122,100,30,24,41,59,0,31,63,10,6,25,3,30,3,33,25,0
30/01/2024 11:00:00,Ter,30,60,58,125,110,32,39,48,55,0,18,55,40,6,0,2,20,2,22,0,0
30/01/2024 12:00:00,Ter,20,50,70,124,110,34,41,39,65,0,31,51,0,6,0,3,20,3,23,0,0
30/01/2024 13:00:00,Ter,19,39,60,125,107,22,24,36,65,10,28,38,40,16,0,2,19,2,21,0,0
30/01/2024 14:00:00,Ter,17,49,64,126,91,31,33,39,49,0,28,40,10,5,0,2,5,2,7,0,0
30/01/2024 15:00:00,Ter,18,47,62,127,100,34,20,43,59,0,18,44,40,6,0,3,19,3,22,0,0
30/01/2024 16:00:00,Ter,19,37,54,150,108,33,37,38,52,0,31,56,0,5,0,2,18,2,20,0,0
30/01/2024 17:00:00,Ter,18,41,66,124,94,16,22,42,59,13,28,48,0,5,0,2,19,2,21,0,0
30/01/2024 18:00:00,Ter,15,48,62,125,96,28,33,51,43,3,25,39,10,6,0,3,3,4,7,0,0
30/01/2024 19:00:00,Ter,14,65,48,123,68,18,18,41,40,4,15,20,40,15,0,2,20,9,29,0,0
30/01/2024 20:00:00,Ter,7,59,44,122,75,22,16,39,47,4,22,15,0,6,25,3,45,9,54,25,0
30/01/2024 21:00:00,Ter,6,48,10,122,63,8,31,36,24,2,15,25,10,5,0,2,20,9,29,0,0
30/01/2024 22:00:00,Ter,16,49,18,121,62,19,12,36,34,3,25,13,0,4,0,2,5,8,13,0,0
30/01/2024 23:00:00,Ter,6,28,8,121,73,8,25,34,34,12,12,12,0,5,25,3,44,10,54,25,0
31/01/2024 00:00:00,Qua,6,46,6,121,62,18,12,35,31,2,19,23,0,5,0,2,20,8,28,0,0
31/01/2024 01:00:00,Qua,0,0,0,0,0,0,0,0,0,0,0,0,0,0,0,0,0,7,7,0,0
31/01/2024 02:00:00,Qua,5,45,18,122,59,9,25,34,31,3,9,11,40,5,0,2,6,8,14,0,3
31/01/2024 03:00:00,Qua,5,42,6,119,73,18,12,35,31,2,19,12,0,5,0,2,19,9,28,0,0
31/01/2024 04:00:00,Qua,6,33,8,121,60,8,10,35,31,2,9,20,0,4,0,3,19,9,28,0,0
31/01/2024 05:00:00,Qua,6,31,16,120,59,18,10,35,21,12,9,11,0,5,0,2,5,9,14,0,0
31/01/2024 06:00:00,Qua,6,40,14,121,73,8,25,35,31,2,19,11,10,4,0,2,20,8,28,0,0
31/01/2024 07:00:00,Qua,10,42,30,118,59,19,12,35,37,2,9,11,0,5,0,3,20,10,30,0,0
31/01/2024 08:00:00,Qua,12,49,50,121,68,12,14,38,37,3,22,25,0,6,0,2,19,6,25,0,0
31/01/2024 09:00:00,Qua,24,37,62,124,84,0,33,38,43,0,15,40,40,15,0,3,17,3,20,0,0
31/01/2024 10:00:00,Qua,19,50,56,126,92,0,20,37,46,0,28,42,10,5,0,2,17,2,19,0,0
31/01/2024 11:00:00,Qua,20,50,68,129,104,16,37,35,62,10,31,39,0,6,0,2,18,2,20,0,0
31/01/2024 12:00:00,Qua,19,52,58,128,100,25,24,44,65,0,21,36,40,5,0,3,19,3,22,0,0
31/01/2024 13:00:00,Qua,0,0,0,0,0,0,0,0,0,0,0,0,0,0,0,0,0,0,0,0,0
31/01/2024 14:00:00,Qua,37,81,126,256,196,49,55,65,105,0,56,60,50,11,0,5,21,5,26,0,0
31/01/2024 15:00:00,Qua,21,56,52,126,91,24,31,44,49,0,31,43,0,15,25,2,44,2,46,25,0
31/01/2024 16:00:00,Qua,19,58,64,126,98,13,20,39,56,10,28,45,0,6,40,2,59,2,61,25,4
31/01/2024 17:00:00,Qua,20,33,60,153,85,22,33,42,49,1,18,51,40,5,0,3,5,3,8,0,3
31/01/2024 18:00:00,Qua,16,56,50,126,87,10,16,41,56,3,25,49,10,6,0,2,21,3,24,0,0
31/01/2024 19:00:00,Qua,15,61,52,124,72,22,31,37,37,3,25,36,0,5,0,3,20,9,29,0,0
31/01/2024 20:00:00,Qua,18,48,32,123,75,10,14,42,37,13,12,32,0,16,0,2,22,9,31,0,0
31/01/2024 21:00:00,Qua,6,28,22,122,68,19,14,30,34,3,19,19,0,5,0,2,7,8,15,0,0
31/01/2024 22:00:00,Qua,5,47,8,120,66,9,25,29,34,2,9,29,50,4,25,3,45,10,55,25,13
31/01/2024 23:00:00,Qua,6,47,8,121,66,19,10,28,34,2,9,19,0,5,0,2,19,8,27,0,0
01/02/2024 00:00:00,Qui,6,37,18,120,75,7,12,19,34,3,19,29,0,5,0,3,7,10,17,0,0
